gamma,assort_final,assort_initial
-0.2,-0.002915325551286542,-0.0050251256281407695
-0.2,-1.1040832783277184e-05,-0.005025125628140704
-0.2,-0.003742014673914029,-0.005025125628140704
-0.2,0.002540460264541184,-0.005025125628140704
-0.2,0.01023493486571251,-0.005025125628140783
-0.2,0.009084646210468188,-0.005025125628140731
-0.2,0.009458973131040086,-0.005025125628140659
-0.2,0.006786772088711342,-0.005025125628140783
-0.2,0.004940882432128957,-0.005025125628140696
-0.2,0.00986639831231161,-0.005025125628140783
-0.2,0.0007379831108303233,-0.005025125628140636
-0.2,0.008502672879189722,-0.0050251256281407695
-0.2,0.00015940901433951588,-0.005025125628140696
-0.2,0.014181273718763656,-0.005025125628140674
-0.2,0.0032323827788723926,-0.005025125628140704
-0.2,0.0034167584616249373,-0.005025125628140636
-0.2,-0.001416184546587455,-0.005025125628140711
-0.2,-0.00016073341299294307,-0.005025125628140783
-0.2,3.2922658595369126e-05,-0.005025125628140704
-0.2,-0.001603441294083105,-0.005025125628140783
-0.2,0.007905669352494447,-0.005025125628140674
-0.2,0.001174236010423843,-0.005025125628140674
-0.2,0.00577687173032289,-0.005025125628140696
-0.2,0.010975141800201491,-0.005025125628140711
-0.2,-0.0011991255839433233,-0.005025125628140636
-0.2,-0.004155068595498494,-0.005025125628140636
-0.2,0.001803293474718284,-0.005025125628140749
-0.2,-0.0032377705110447647,-0.005025125628140783
-0.2,0.004104792319857307,-0.005025125628140696
-0.2,-0.0022192479620048856,-0.0050251256281407695
-0.2,0.0053786635250583185,-0.005025125628140659
-0.2,-0.0005668984014855556,-0.005025125628140622
-0.2,-0.001941340932557899,-0.005025125628140749
-0.2,0.0022570541540666822,-0.005025125628140674
-0.2,0.0008668321857959371,-0.005025125628140659
-0.2,0.002670694071550276,-0.005025125628140733
-0.2,-0.0011334626788676446,-0.005025125628140622
-0.2,0.014361805695904502,-0.005025125628140783
-0.2,-0.0011952345429759915,-0.005025125628140674
-0.2,0.0018787265806222931,-0.005025125628140674
-0.2,0.0010283488705548315,-0.0050251256281407695
-0.2,0.000782703666891006,-0.005025125628140659
-0.2,0.0010012442093026955,-0.005025125628140733
-0.2,-0.0029353134236291766,-0.005025125628140704
-0.2,0.005611015230633926,-0.005025125628140677
-0.2,0.0012348260277214697,-0.005025125628140659
-0.2,0.004495135698497066,-0.005025125628140674
-0.2,0.0018146951286359386,-0.005025125628140711
-0.2,0.004526554480731407,-0.005025125628140674
-0.2,-0.0012859935613120336,-0.005025125628140677
-0.2,-0.00031375494711080565,-0.005025125628140677
-0.2,-0.0003606255497812482,-0.005025125628140622
-0.2,0.0002498993516398435,-0.005025125628140674
-0.2,0.003875492804958432,-0.005025125628140659
-0.2,0.002754048557355076,-0.005025125628140659
-0.2,0.0045617750388907115,-0.005025125628140733
-0.2,0.006754756305646363,-0.005025125628140783
-0.2,0.0034441702343820926,-0.005025125628140711
-0.2,0.005334575191517355,-0.005025125628140622
-0.2,0.006026645577414439,-0.005025125628140783
-0.2,-0.0034356732600181726,-0.005025125628140677
-0.2,-0.0013800380181199702,-0.005025125628140696
-0.2,0.0024940569326175866,-0.005025125628140636
-0.2,0.010766720646413064,-0.005025125628140636
-0.2,-0.0030545536798067263,-0.005025125628140674
-0.2,-0.0018429928734483994,-0.005025125628140696
-0.2,0.002345938065779064,-0.005025125628140674
-0.2,0.002818912517834327,-0.005025125628140704
-0.2,-0.0022750360000502756,-0.005025125628140704
-0.2,0.0032413646473925146,-0.005025125628140783
-0.2,0.007189762764041202,-0.005025125628140677
-0.2,0.0029326096625776114,-0.005025125628140704
-0.2,0.02070263374737337,-0.005025125628140704
-0.2,0.0028591554621204855,-0.005025125628140733
-0.2,0.0015199708273084275,-0.005025125628140704
-0.2,-0.00018373950248511394,-0.005025125628140733
-0.2,-0.0016698056318680031,-0.005025125628140749
-0.2,-0.00024277904811642942,-0.005025125628140677
-0.2,-1.7123659493829364e-05,-0.005025125628140659
-0.2,-0.0015013911039693574,-0.005025125628140696
-0.2,-0.0008488387525147751,-0.005025125628140733
-0.2,-0.0008776219056041406,-0.005025125628140783
-0.2,0.0006306365963560668,-0.005025125628140704
-0.2,0.00018228682719974678,-0.005025125628140783
-0.2,0.004280551997056066,-0.005025125628140704
-0.2,-0.0006602430869393326,-0.005025125628140704
-0.2,-0.002142845681001023,-0.005025125628140696
-0.2,-0.0024195155379591743,-0.005025125628140696
-0.2,0.001194433879539621,-0.005025125628140783
-0.2,0.0029616491015694206,-0.005025125628140711
-0.2,0.0038777295499364197,-0.005025125628140659
-0.2,0.00012268586236842204,-0.005025125628140704
-0.2,0.0023224675817054303,-0.005025125628140704
-0.2,0.006730763131595765,-0.005025125628140696
-0.2,-0.002779409479346503,-0.005025125628140696
-0.2,0.007919643706295075,-0.005025125628140704
-0.2,-0.00014800134006373052,-0.005025125628140783
-0.2,0.002989910067509462,-0.005025125628140783
-0.2,0.0026699922684819796,-0.005025125628140749
-0.2,0.005405520898442238,-0.005025125628140674
-0.4,0.003606110758282838,-0.005025125628140749
-0.4,0.0025962579861488417,-0.005025125628140677
-0.4,0.007088616521013923,-0.005025125628140696
-0.4,0.0024042123412575268,-0.005025125628140704
-0.4,0.00422844168953384,-0.005025125628140749
-0.4,-0.0029733269829105083,-0.005025125628140659
-0.4,0.00772526170245093,-0.005025125628140711
-0.4,0.0006199159632642205,-0.005025125628140696
-0.4,0.0034544689244305643,-0.005025125628140622
-0.4,0.005116044230953087,-0.005025125628140636
-0.4,0.0015674578013398673,-0.005025125628140733
-0.4,-0.0009853541301007667,-0.005025125628140733
-0.4,0.006338878086388705,-0.005025125628140783
-0.4,0.00439928129782625,-0.005025125628140704
-0.4,0.0025739642021386767,-0.005025125628140711
-0.4,0.010584256060011305,-0.005025125628140711
-0.4,0.0006890370449853456,-0.005025125628140704
-0.4,0.005457576756302014,-0.005025125628140733
-0.4,0.001909338463050137,-0.005025125628140622
-0.4,0.011943985271416508,-0.005025125628140622
-0.4,0.005527453160196678,-0.005025125628140677
-0.4,0.0009159324379632402,-0.005025125628140659
-0.4,0.0018677597778568743,-0.005025125628140636
-0.4,0.005502581382542536,-0.005025125628140677
-0.4,-0.004176223418445536,-0.005025125628140704
-0.4,0.005711731937651412,-0.005025125628140696
-0.4,0.0003954893431824285,-0.005025125628140704
-0.4,0.004651839524128907,-0.005025125628140704
-0.4,0.02113901009874259,-0.005025125628140674
-0.4,0.0002463899596374334,-0.005025125628140622
-0.4,0.0004052073483955527,-0.005025125628140704
-0.4,0.0037485911116294686,-0.005025125628140659
-0.4,0.004931986670104909,-0.005025125628140783
-0.4,0.006633666585119676,-0.005025125628140704
-0.4,0.006422280602729128,-0.005025125628140659
-0.4,-0.000318179324007386,-0.005025125628140696
-0.4,0.00996794034316965,-0.005025125628140749
-0.4,0.0032962631672611995,-0.005025125628140659
-0.4,-0.0011540524813448455,-0.00502512562814062
-0.4,0.0025982502255924305,-0.005025125628140696
-0.4,-0.0007236333484258997,-0.005025125628140674
-0.4,0.0020174452120256575,-0.005025125628140674
-0.4,-0.0014395166412294333,-0.005025125628140622
-0.4,-0.002008633645442038,-0.005025125628140622
-0.4,0.001930237014014248,-0.005025125628140659
-0.4,0.0010751221093164172,-0.005025125628140704
-0.4,0.0035355908536387408,-0.005025125628140622
-0.4,-0.0016386672435305535,-0.005025125628140674
-0.4,-0.0006335705755750213,-0.005025125628140696
-0.4,0.0014802032283922283,-0.005025125628140696
-0.4,0.0012204300429019084,-0.005025125628140783
-0.4,0.0058555884491164525,-0.005025125628140783
-0.4,0.00593638098116552,-0.005025125628140733
-0.4,-0.00035979073717147563,-0.005025125628140659
-0.4,0.004301631664886027,-0.005025125628140704
-0.4,0.0016915738648718161,-0.005025125628140783
-0.4,0.004017097214045669,-0.005025125628140783
-0.4,-0.0024776630007629133,-0.005025125628140704
-0.4,0.0013974081539012261,-0.005025125628140704
-0.4,-0.0007539358164179386,-0.005025125628140696
-0.4,0.0029379997758278127,-0.0050251256281407695
-0.4,-0.001901241812516899,-0.005025125628140783
-0.4,0.002417679005024319,-0.005025125628140674
-0.4,0.005582031755899061,-0.005025125628140733
-0.4,0.005295281832181422,-0.005025125628140674
-0.4,0.008525682671053799,-0.005025125628140749
-0.4,0.004936327997807608,-0.005025125628140783
-0.4,0.005243538502181434,-0.005025125628140674
-0.4,0.00766682142379299,-0.005025125628140622
-0.4,0.0035690423930557083,-0.005025125628140704
-0.4,0.0036799491650792,-0.005025125628140749
-0.4,0.005123936657088656,-0.005025125628140659
-0.4,0.002430638886882483,-0.005025125628140749
-0.4,0.00505586473036549,-0.005025125628140622
-0.4,0.0005685249815512709,-0.005025125628140677
-0.4,0.007532758630871091,-0.005025125628140696
-0.4,0.006732073578540635,-0.005025125628140704
-0.4,0.00439786841218845,-0.005025125628140674
-0.4,0.007725787009557147,-0.005025125628140674
-0.4,0.009145570050249902,-0.005025125628140677
-0.4,-0.003665308524966455,-0.005025125628140696
-0.4,-0.002323668743024914,-0.005025125628140659
-0.4,0.00950528470166296,-0.005025125628140704
-0.4,0.0009423772457618371,-0.005025125628140749
-0.4,0.005510251306477744,-0.005025125628140696
-0.4,0.00780874744955995,-0.005025125628140696
-0.4,0.0072573120110582265,-0.005025125628140674
-0.4,0.0015864179013278471,-0.005025125628140704
-0.4,8.61881474463353e-05,-0.005025125628140704
-0.4,0.00535259287170713,-0.005025125628140704
-0.4,0.002917817282394135,-0.005025125628140711
-0.4,-0.0036430397674849352,-0.005025125628140704
-0.4,0.0005364647278181144,-0.005025125628140636
-0.4,0.0037674288532479603,-0.005025125628140622
-0.4,0.001548444126239337,-0.005025125628140704
-0.4,0.00113991111307428,-0.005025125628140674
-0.4,0.005361170745583152,-0.005025125628140749
-0.4,0.005004597725737711,-0.005025125628140696
-0.4,-0.0009804015204395498,-0.005025125628140704
-0.4,0.010619282815199232,-0.005025125628140622
-0.6,0.01503219359528766,-0.005025125628140704
-0.6,0.009615371953757453,-0.005025125628140674
-0.6,0.0018544360777472417,-0.005025125628140704
-0.6,0.00401060913572041,-0.005025125628140733
-0.6,-0.0007429085575348246,-0.005025125628140622
-0.6,-0.0014086683592722685,-0.005025125628140704
-0.6,0.0012080966596682697,-0.005025125628140704
-0.6,0.00956530211804897,-0.005025125628140704
-0.6,0.004342072596468534,-0.005025125628140677
-0.6,0.0007203754254097212,-0.005025125628140704
-0.6,-0.0006040337639602761,-0.005025125628140711
-0.6,0.010025109033871698,-0.005025125628140674
-0.6,0.0003611468471476645,-0.005025125628140696
-0.6,0.001038212470634179,-0.005025125628140674
-0.6,0.003744000409592521,-0.005025125628140704
-0.6,0.012702588695490836,-0.005025125628140659
-0.6,0.0054854844772856855,-0.005025125628140659
-0.6,0.002360166261400642,-0.005025125628140704
-0.6,0.0007209018649261504,-0.005025125628140659
-0.6,0.0025786735003303727,-0.005025125628140704
-0.6,-0.0024470177488706605,-0.005025125628140704
-0.6,0.0006721110348405412,-0.005025125628140696
-0.6,0.0023124746475790448,-0.005025125628140674
-0.6,0.00021144906790988898,-0.005025125628140659
-0.6,0.0018461463338713805,-0.005025125628140783
-0.6,0.0016236281613345894,-0.005025125628140704
-0.6,0.004996553296591684,-0.005025125628140783
-0.6,0.0014148262520223074,-0.005025125628140622
-0.6,0.005903512827187241,-0.005025125628140783
-0.6,0.007730345301983868,-0.005025125628140704
-0.6,0.0017765749637316576,-0.005025125628140704
-0.6,0.004427210296245768,-0.005025125628140704
-0.6,0.0038854409615576074,-0.005025125628140704
-0.6,0.00024849283519375476,-0.005025125628140711
-0.6,0.0024723517386241456,-0.005025125628140622
-0.6,0.014737675346541163,-0.005025125628140659
-0.6,0.004822047757441546,-0.005025125628140704
-0.6,-0.0003746670111801812,-0.005025125628140749
-0.6,-0.0005138686555504591,-0.005025125628140704
-0.6,0.0024288590027999107,-0.005025125628140704
-0.6,0.00195008146624073,-0.005025125628140659
-0.6,0.0053663703541635115,-0.005025125628140704
-0.6,0.00462368085474518,-0.005025125628140704
-0.6,0.002381745140939645,-0.0050251256281407695
-0.6,-0.00012591226814985502,-0.005025125628140704
-0.6,0.0023268396350192917,-0.005025125628140622
-0.6,0.010371247853673294,-0.005025125628140696
-0.6,0.0032540905681016077,-0.005025125628140704
-0.6,0.0016092125291945476,-0.005025125628140674
-0.6,0.008011036571272126,-0.005025125628140711
-0.6,0.009317314040188863,-0.005025125628140704
-0.6,0.00365152071953394,-0.005025125628140711
-0.6,-0.001478740482733554,-0.005025125628140733
-0.6,0.0017420827895477447,-0.005025125628140704
-0.6,0.0001859749240313608,-0.005025125628140622
-0.6,0.0013581204498755628,-0.005025125628140659
-0.6,0.0043679947886389155,-0.005025125628140704
-0.6,0.01087926112875459,-0.005025125628140711
-0.6,0.0008247852305604722,-0.005025125628140749
-0.6,0.006078861340141401,-0.005025125628140783
-0.6,0.004416676615090949,-0.005025125628140696
-0.6,0.00119976669684387,-0.005025125628140711
-0.6,0.009628762071704211,-0.005025125628140704
-0.6,-0.00042260327328417374,-0.005025125628140636
-0.6,0.003980602441509629,-0.005025125628140704
-0.6,0.010816620080804666,-0.005025125628140733
-0.6,0.01415130249083826,-0.005025125628140622
-0.6,0.004544189962607717,-0.005025125628140677
-0.6,0.0006997045391263667,-0.005025125628140711
-0.6,0.003560434119289713,-0.005025125628140674
-0.6,0.0028383913095865183,-0.005025125628140696
-0.6,0.0022217445992412143,-0.005025125628140677
-0.6,0.00950059307309661,-0.005025125628140704
-0.6,0.005509822025269118,-0.005025125628140622
-0.6,0.006822398254488171,-0.005025125628140659
-0.6,-0.00291362882350797,-0.005025125628140711
-0.6,0.003872622217847995,-0.005025125628140704
-0.6,0.0024673066292824272,-0.005025125628140783
-0.6,0.004960486605740443,-0.005025125628140704
-0.6,0.0035953048530191004,-0.005025125628140733
-0.6,-0.0005329693165547938,-0.0050251256281407695
-0.6,0.00286990571331919,-0.005025125628140659
-0.6,-0.004214649530408576,-0.005025125628140704
-0.6,0.006648658817673908,-0.005025125628140711
-0.6,0.0014900942793159198,-0.005025125628140704
-0.6,0.0038638339091195697,-0.005025125628140636
-0.6,-0.0005138956791019966,-0.005025125628140711
-0.6,0.0031605529270222216,-0.005025125628140636
-0.6,0.0011248707875908595,-0.005025125628140636
-0.6,0.009625687197625967,-0.005025125628140674
-0.6,0.004375084678092601,-0.005025125628140783
-0.6,0.006662711720067793,-0.005025125628140733
-0.6,0.0023203343337765098,-0.005025125628140704
-0.6,0.0057741192714797504,-0.005025125628140636
-0.6,0.0067817261263657825,-0.005025125628140704
-0.6,0.00885682533647205,-0.0050251256281407695
-0.6,0.0038335289937119653,-0.005025125628140677
-0.6,0.006118590264657507,-0.005025125628140749
-0.6,0.001112237527575944,-0.005025125628140704
-0.6,0.0033087257860220294,-0.005025125628140704
-0.8,0.017100542692693763,-0.005025125628140696
-0.8,0.0066488680941918935,-0.005025125628140674
-0.8,-0.00269681636466029,-0.005025125628140696
-0.8,0.0037831469531847363,-0.005025125628140636
-0.8,0.0057482640615511135,-0.005025125628140711
-0.8,0.002089241773818441,-0.005025125628140659
-0.8,0.0030049252550926123,-0.005025125628140622
-0.8,0.011780943870726104,-0.005025125628140636
-0.8,0.0024222799529460435,-0.005025125628140704
-0.8,0.002492136083598138,-0.005025125628140674
-0.8,0.005158962603906456,-0.005025125628140636
-0.8,-0.0005124856412298495,-0.005025125628140711
-0.8,0.0082322800515557,-0.005025125628140733
-0.8,0.011358569866653394,-0.005025125628140696
-0.8,1.729301076654212e-05,-0.005025125628140622
-0.8,0.005933926612195747,-0.005025125628140636
-0.8,0.007709104578073795,-0.005025125628140704
-0.8,0.0029277844552727437,-0.005025125628140622
-0.8,0.006269618192832955,-0.005025125628140704
-0.8,0.0019143820791305956,-0.005025125628140704
-0.8,0.017389342902148032,-0.005025125628140704
-0.8,0.004623081345019512,-0.005025125628140704
-0.8,0.020715832031554533,-0.005025125628140711
-0.8,-0.0004208193064707338,-0.005025125628140711
-0.8,0.010290530788853728,-0.005025125628140622
-0.8,0.010765973658891878,-0.005025125628140636
-0.8,0.006038545871014941,-0.005025125628140636
-0.8,0.004999105978533137,-0.005025125628140711
-0.8,0.0026504076518204267,-0.005025125628140704
-0.8,0.0021427424427855326,-0.005025125628140783
-0.8,0.0036624578457167527,-0.005025125628140733
-0.8,0.004440210057448301,-0.005025125628140783
-0.8,0.021950191430399904,-0.005025125628140696
-0.8,0.002147985302243935,-0.005025125628140659
-0.8,0.005871852823633765,-0.005025125628140711
-0.8,0.0026917733955229136,-0.005025125628140674
-0.8,-0.0017686854673776649,-0.005025125628140659
-0.8,0.0009614458141233236,-0.005025125628140783
-0.8,0.003111930641457733,-0.005025125628140659
-0.8,0.0066242920220628485,-0.005025125628140636
-0.8,0.0038039910250962654,-0.0050251256281407695
-0.8,0.005298435889875781,-0.005025125628140674
-0.8,0.0036356798649470317,-0.005025125628140636
-0.8,0.0018488052123171268,-0.005025125628140622
-0.8,0.00031728457334728657,-0.005025125628140659
-0.8,0.004757574326334493,-0.005025125628140696
-0.8,0.017523383073627878,-0.005025125628140704
-0.8,0.007781812789590992,-0.005025125628140659
-0.8,0.008442604148158965,-0.005025125628140716
-0.8,-0.00021861417494807028,-0.005025125628140674
-0.8,0.008961668152102734,-0.005025125628140659
-0.8,0.000770784048705616,-0.005025125628140659
-0.8,0.002038505311589505,-0.005025125628140711
-0.8,0.006147477212598302,-0.005025125628140711
-0.8,0.003414072171314976,-0.005025125628140704
-0.8,0.007063580288064166,-0.005025125628140704
-0.8,0.010319664953331685,-0.005025125628140659
-0.8,0.0043676122689693805,-0.005025125628140674
-0.8,-0.0006635869573436521,-0.005025125628140636
-0.8,0.00374455285296664,-0.005025125628140677
-0.8,0.012945668227784974,-0.005025125628140711
-0.8,0.007989368461650244,-0.005025125628140674
-0.8,0.0011997300205746704,-0.005025125628140695
-0.8,-0.0018558909530170852,-0.005025125628140749
-0.8,0.0038676202612567875,-0.005025125628140704
-0.8,-0.0024764625453558785,-0.005025125628140696
-0.8,0.0028388729351634706,-0.005025125628140733
-0.8,0.004164866861497825,-0.005025125628140677
-0.8,0.00857620903256512,-0.005025125628140696
-0.8,0.0068396316266841626,-0.005025125628140696
-0.8,0.00445873318112677,-0.005025125628140783
-0.8,0.015147899438393295,-0.005025125628140696
-0.8,0.00422834429266933,-0.005025125628140622
-0.8,0.004848041920273126,-0.005025125628140704
-0.8,0.007794607830598944,-0.005025125628140696
-0.8,0.0064150909248601165,-0.005025125628140622
-0.8,0.0011160135273060746,-0.005025125628140696
-0.8,-0.00015889591667374463,-0.005025125628140783
-0.8,0.0028610501893916447,-0.005025125628140674
-0.8,0.009262731218610763,-0.005025125628140704
-0.8,0.011731640321878975,-0.005025125628140749
-0.8,0.0064502469004577715,-0.005025125628140711
-0.8,0.003014761775082659,-0.005025125628140659
-0.8,0.0015558099198408385,-0.005025125628140733
-0.8,0.009293024480956927,-0.005025125628140636
-0.8,0.0018266300875040367,-0.005025125628140696
-0.8,0.002190679988162993,-0.005025125628140674
-0.8,0.0069092082705201835,-0.005025125628140636
-0.8,0.0038462401895320844,-0.005025125628140696
-0.8,0.0027794004414245753,-0.005025125628140677
-0.8,0.002721522982411409,-0.005025125628140704
-0.8,0.0049459699564162836,-0.005025125628140783
-0.8,-0.00027796388645325335,-0.005025125628140636
-0.8,-0.00020865305062508897,-0.005025125628140783
-0.8,0.005799735146843113,-0.005025125628140677
-0.8,0.0008701378347102547,-0.005025125628140704
-0.8,0.0006966994548481124,-0.005025125628140704
-0.8,0.0037183889891944204,-0.0050251256281407695
-0.8,0.00915784000631401,-0.005025125628140711
-0.8,-0.0023140789533902103,-0.005025125628140704
-1.0,0.0017410226059203318,-0.005025125628140659
-1.0,0.008467917026911909,-0.005025125628140677
-1.0,0.006005613265310074,-0.00502512562814079
-1.0,0.0023872732360216476,-0.005025125628140659
-1.0,0.002499986816617282,-0.005025125628140659
-1.0,0.008727290754016133,-0.005025125628140711
-1.0,0.00525703086473277,-0.005025125628140622
-1.0,0.0015031200892719836,-0.005025125628140783
-1.0,0.010132345860176594,-0.005025125628140622
-1.0,-0.00046150437707629397,-0.005025125628140749
-1.0,-0.0019407816723859435,-0.005025125628140704
-1.0,0.0053740809481560734,-0.005025125628140711
-1.0,-0.0016222113716595542,-0.005025125628140704
-1.0,0.006336548183335026,-0.0050251256281407695
-1.0,0.004343659199041367,-0.005025125628140704
-1.0,0.0006305241512896336,-0.005025125628140636
-1.0,0.003564282835668842,-0.005025125628140711
-1.0,0.009384719102521403,-0.005025125628140704
-1.0,0.0012067820203093117,-0.005025125628140783
-1.0,0.011461928936900548,-0.005025125628140677
-1.0,0.007900143926354217,-0.005025125628140696
-1.0,0.009647093312186482,-0.005025125628140636
-1.0,0.0033691771731036175,-0.005025125628140674
-1.0,0.003365173408858306,-0.005025125628140783
-1.0,0.004006961759220403,-0.005025125628140711
-1.0,0.007515855156639296,-0.005025125628140704
-1.0,0.0042079609467545335,-0.005025125628140783
-1.0,0.00890430684324745,-0.005025125628140733
-1.0,0.004043602412499882,-0.005025125628140733
-1.0,0.004602668399775717,-0.005025125628140696
-1.0,0.005903525578210335,-0.005025125628140636
-1.0,-0.0017982407405424156,-0.005025125628140659
-1.0,0.007957035957361082,-0.005025125628140696
-1.0,-0.0009149315020054347,-0.005025125628140659
-1.0,0.005867399043695655,-0.005025125628140674
-1.0,-0.004201705709910904,-0.005025125628140704
-1.0,0.00862681647002153,-0.005025125628140749
-1.0,0.004939681735760292,-0.005025125628140704
-1.0,0.008267736174776566,-0.005025125628140733
-1.0,0.004235715118750338,-0.005025125628140674
-1.0,0.003107169080877256,-0.005025125628140733
-1.0,0.013024314701016176,-0.005025125628140674
-1.0,0.003203536605069718,-0.005025125628140704
-1.0,0.008444539489353496,-0.005025125628140674
-1.0,0.00852019410507326,-0.0050251256281407695
-1.0,0.006012958250129647,-0.0050251256281407695
-1.0,0.005095003865868723,-0.005025125628140696
-1.0,0.008552901119972514,-0.005025125628140704
-1.0,0.005337806512117765,-0.005025125628140674
-1.0,0.008991535526687697,-0.005025125628140783
-1.0,0.00315091479630134,-0.005025125628140636
-1.0,0.01415789151106832,-0.005025125628140749
-1.0,0.0042790025511982,-0.005025125628140696
-1.0,0.015195465216942162,-0.005025125628140704
-1.0,0.003872019821574833,-0.005025125628140696
-1.0,0.007048074725711046,-0.005025125628140704
-1.0,0.010271912267790211,-0.005025125628140659
-1.0,0.005065331025078025,-0.005025125628140783
-1.0,0.006569777858514529,-0.005025125628140674
-1.0,0.01259550367054959,-0.005025125628140622
-1.0,-0.001040980269163772,-0.005025125628140733
-1.0,0.007013533376495347,-0.005025125628140696
-1.0,0.003371493154432227,-0.005025125628140622
-1.0,0.005910175935494206,-0.005025125628140704
-1.0,0.0071771466375929885,-0.005025125628140696
-1.0,0.0008927597212679637,-0.005025125628140696
-1.0,0.00018772311932080732,-0.005025125628140704
-1.0,0.0036933214338505617,-0.005025125628140674
-1.0,0.0023850973924213524,-0.005025125628140731
-1.0,0.002724090473760221,-0.005025125628140783
-1.0,0.0008212485452235823,-0.005025125628140749
-1.0,0.004984529718207261,-0.005025125628140696
-1.0,0.003163151244768594,-0.005025125628140696
-1.0,0.0024710861398946665,-0.005025125628140622
-1.0,0.0044624786373692014,-0.005025125628140711
-1.0,0.002933189929496682,-0.005025125628140622
-1.0,0.006285915101992903,-0.005025125628140711
-1.0,0.00169474859143476,-0.005025125628140783
-1.0,-0.0030570465309019074,-0.005025125628140674
-1.0,0.009910558344109999,-0.005025125628140704
-1.0,0.001010899905250665,-0.005025125628140636
-1.0,0.011307932327041812,-0.005025125628140749
-1.0,0.025350342959066775,-0.005025125628140704
-1.0,0.003446968305606891,-0.005025125628140704
-1.0,0.006582467901742476,-0.005025125628140783
-1.0,0.007466433892020618,-0.005025125628140711
-1.0,0.0180977493765573,-0.005025125628140704
-1.0,0.009978289333505346,-0.005025125628140696
-1.0,-0.0019626181620316895,-0.005025125628140622
-1.0,0.0035113017808905502,-0.005025125628140733
-1.0,0.0040587653702673495,-0.005025125628140733
-1.0,0.008723312189059225,-0.005025125628140696
-1.0,0.005450926552075888,-0.005025125628140659
-1.0,0.009549655395194786,-0.0050251256281407695
-1.0,0.006329270609944988,-0.005025125628140749
-1.0,0.003601701734316489,-0.005025125628140659
-1.0,0.0026629695091621094,-0.005025125628140704
-1.0,-0.0014016705795138566,-0.005025125628140704
-1.0,0.00012372787397054415,-0.005025125628140783
-1.0,0.006882021918777834,-0.005025125628140696
0.0,0.0012115997887152555,-0.005025125628140677
0.0,0.006951114354988615,-0.00502512562814079
0.0,-0.003386157311893137,-0.005025125628140659
0.0,-0.0033776936445301347,-0.005025125628140659
0.0,0.006208784660520652,-0.005025125628140711
0.0,-0.00018686862354176605,-0.005025125628140622
0.0,-0.0021968996730670396,-0.005025125628140783
0.0,0.005608294976952163,-0.005025125628140622
0.0,-0.0031882502163269196,-0.005025125628140749
0.0,-0.004354643199893878,-0.005025125628140704
0.0,0.0027621492999846038,-0.005025125628140711
0.0,-0.002742274304003282,-0.005025125628140704
0.0,0.003309361271542826,-0.0050251256281407695
0.0,0.003909885774250341,-0.005025125628140704
0.0,-0.004681978956212606,-0.005025125628140636
0.0,-0.0009035760932477486,-0.005025125628140711
0.0,0.003424072962976076,-0.005025125628140704
0.0,-0.004157184882475205,-0.005025125628140783
0.0,0.00837403137752732,-0.005025125628140677
0.0,0.0019504358322604322,-0.005025125628140696
0.0,0.0036067058829097314,-0.005025125628140636
0.0,0.00046475793756562436,-0.005025125628140674
0.0,0.001512800250901684,-0.005025125628140783
0.0,-0.0007423515834925515,-0.005025125628140711
0.0,0.0027533687772081294,-0.005025125628140704
0.0,0.0030765534669037675,-0.005025125628140783
0.0,0.007864756498267575,-0.005025125628140733
0.0,0.0017908153026880448,-0.005025125628140733
0.0,-0.0021587713254194495,-0.005025125628140696
0.0,0.004347768274689537,-0.005025125628140636
0.0,-0.004275328931409258,-0.005025125628140659
0.0,0.005264756917713526,-0.005025125628140696
0.0,-0.003942939530670128,-0.005025125628140659
0.0,-0.0012534101753235586,-0.005025125628140674
0.0,-0.005079559968055736,-0.005025125628140704
0.0,0.0020454681712250224,-0.005025125628140749
0.0,0.0009216191902493017,-0.005025125628140704
0.0,0.004224053133902601,-0.005025125628140733
0.0,-0.0008413702482716456,-0.005025125628140674
0.0,-0.00011082871945844539,-0.005025125628140733
0.0,0.014631488528265414,-0.005025125628140674
0.0,-0.0011325013366648828,-0.005025125628140704
0.0,0.0012762667110535254,-0.005025125628140674
0.0,0.0027128890486181096,-0.0050251256281407695
0.0,0.005501915888214312,-0.0050251256281407695
0.0,0.0010749907908802394,-0.005025125628140696
0.0,0.0009820561760796578,-0.005025125628140704
0.0,0.0009129791574583534,-0.005025125628140674
0.0,0.0016562729303734635,-0.005025125628140783
0.0,-0.0035409749141585736,-0.005025125628140636
0.0,0.004699006687118534,-0.005025125628140749
0.0,0.000278315114918808,-0.005025125628140696
0.0,0.009025333680855034,-0.005025125628140704
0.0,0.0027612050925375576,-0.005025125628140696
0.0,0.0049160448701244495,-0.005025125628140704
0.0,0.0039040980602227282,-0.005025125628140659
0.0,0.007072384628007853,-0.005025125628140783
0.0,0.0005076197076557082,-0.005025125628140674
0.0,0.007127683524361037,-0.005025125628140622
0.0,-0.0045053170155151135,-0.005025125628140733
0.0,0.00012291280495947546,-0.005025125628140696
0.0,-0.000462559468570137,-0.005025125628140622
0.0,-0.001027923901684168,-0.005025125628140704
0.0,0.00512301408032633,-0.005025125628140696
0.0,-0.002551175957678882,-0.005025125628140696
0.0,-0.0037593459387616325,-0.005025125628140704
0.0,0.0004746933172643073,-0.005025125628140674
0.0,0.0010104990485776935,-0.005025125628140731
0.0,-0.0032291653768379376,-0.005025125628140783
0.0,-0.003070788732015674,-0.005025125628140749
0.0,0.00045182718641030464,-0.005025125628140696
0.0,-0.00240580325632401,-0.005025125628140696
0.0,-0.0008372830061281185,-0.005025125628140622
0.0,0.0011499231764904578,-0.005025125628140711
0.0,0.004756376662066449,-0.005025125628140622
0.0,-3.330102068623979e-05,-0.005025125628140711
0.0,-0.003355470609706323,-0.005025125628140783
0.0,-0.0050036999648083525,-0.005025125628140674
0.0,0.005850741231149097,-0.005025125628140704
0.0,-0.0034687964797981813,-0.005025125628140636
0.0,0.0036802207293178545,-0.005025125628140749
0.0,0.02620917564071492,-0.005025125628140704
0.0,-0.00011189974882334713,-0.005025125628140704
0.0,0.00284539230787284,-0.005025125628140783
0.0,0.002063461912115697,-0.005025125628140711
0.0,0.018172147636629513,-0.005025125628140704
0.0,0.0047542012072523615,-0.005025125628140696
0.0,-0.004178357199215406,-0.005025125628140622
0.0,-0.0005941898569067867,-0.005025125628140733
0.0,-0.0010940748094721835,-0.005025125628140733
0.0,0.0036691135595435334,-0.005025125628140696
0.0,-0.00018820922332023928,-0.005025125628140659
0.0,0.00407717044830227,-0.0050251256281407695
0.0,0.0003036774155352634,-0.005025125628140749
0.0,0.0004806356909204861,-0.005025125628140659
0.0,-0.0024605996534856414,-0.005025125628140704
0.0,-0.00444344372652364,-0.005025125628140704
0.0,-0.0034069154216288464,-0.005025125628140783
0.0,0.0014527545709450034,-0.005025125628140696
0.0,0.0019077162722693245,-0.005025125628140749
0.2,0.006725902601772145,-0.005025125628140674
0.2,-0.004872014984859804,-0.005025125628140696
0.2,0.0008881575515684837,-0.005025125628140636
0.2,0.0009869782701449178,-0.005025125628140711
0.2,-0.003013648673156811,-0.005025125628140659
0.2,-0.001921422235055961,-0.005025125628140622
0.2,0.002566604986055363,-0.005025125628140636
0.2,-0.0027091389879283045,-0.005025125628140704
0.2,-0.0018295965227928255,-0.005025125628140674
0.2,0.0014798786692835969,-0.005025125628140636
0.2,-0.003816745442307995,-0.005025125628140711
0.2,-0.0017714275289544012,-0.005025125628140733
0.2,0.001272045901727126,-0.005025125628140696
0.2,-0.002070475838014427,-0.005025125628140622
0.2,-0.0009221943354661506,-0.005025125628140636
0.2,0.0037528651734162265,-0.005025125628140704
0.2,-0.004107238902658312,-0.005025125628140622
0.2,-0.0001810164958053856,-0.005025125628140704
0.2,-0.0018562783230575456,-0.005025125628140704
0.2,0.0039693903667440454,-0.005025125628140704
0.2,-0.0018201376778427686,-0.005025125628140704
0.2,-0.000888473372368934,-0.005025125628140711
0.2,-0.004645343551401017,-0.005025125628140711
0.2,0.0018724671411243802,-0.005025125628140622
0.2,0.008065936400800578,-0.005025125628140636
0.2,0.0026420306302110045,-0.005025125628140636
0.2,0.0011660908445160476,-0.005025125628140711
0.2,-0.0025368080915474395,-0.005025125628140704
0.2,-0.0019277724989037559,-0.005025125628140783
0.2,0.0004391468157859841,-0.005025125628140733
0.2,-0.0003516150563136207,-0.005025125628140783
0.2,0.003659325973107354,-0.005025125628140696
0.2,-0.0027765966538495154,-0.005025125628140659
0.2,-0.0023278313228887438,-0.005025125628140711
0.2,-0.001785688896285914,-0.005025125628140674
0.2,-0.004744846829273219,-0.005025125628140659
0.2,-0.0030701902558093936,-0.005025125628140783
0.2,-0.0015519280766677548,-0.005025125628140659
0.2,0.0007389625218638458,-0.005025125628140636
0.2,-0.002536198897746532,-0.0050251256281407695
0.2,0.001631939252064912,-0.005025125628140674
0.2,0.0021955847701460827,-0.005025125628140636
0.2,-0.0031652988416920364,-0.005025125628140622
0.2,-0.002585726897579027,-0.005025125628140659
0.2,-0.0015717645923247665,-0.005025125628140696
0.2,0.00513006879177831,-0.005025125628140704
0.2,0.001753993642769415,-0.005025125628140659
0.2,0.0040106752513599485,-0.005025125628140716
0.2,-0.0043041128021986666,-0.005025125628140674
0.2,0.002849831153187089,-0.005025125628140659
0.2,-0.0038382328479182313,-0.005025125628140659
0.2,-0.0016395143836938698,-0.005025125628140711
0.2,-0.0006684703960635822,-0.005025125628140711
0.2,-0.00223819179361,-0.005025125628140704
0.2,-0.0008774830158002885,-0.005025125628140704
0.2,0.003919328205974267,-0.005025125628140659
0.2,-0.0015437288988925189,-0.005025125628140674
0.2,-0.004552509692928091,-0.005025125628140636
0.2,0.002287596226614106,-0.005025125628140677
0.2,0.006289686523414875,-0.005025125628140711
0.2,-0.0007723485265880416,-0.005025125628140674
0.2,-0.002878858161158152,-0.005025125628140695
0.2,-0.0049403826103618315,-0.005025125628140749
0.2,0.0022008568952560435,-0.005025125628140704
0.2,-0.004857903552883213,-0.005025125628140696
0.2,0.0012114270584399078,-0.005025125628140733
0.2,-0.0022821954554328385,-0.005025125628140677
0.2,0.0034615926012853022,-0.005025125628140696
0.2,0.001958451041511341,-0.005025125628140696
0.2,-0.002154353985027897,-0.005025125628140783
0.2,0.010894487437380525,-0.005025125628140696
0.2,-0.002629303838504103,-0.005025125628140622
0.2,-0.002241731636674094,-0.005025125628140704
0.2,0.003158534042633333,-0.005025125628140696
0.2,0.001439150602997522,-0.005025125628140622
0.2,-0.002910147530649117,-0.005025125628140696
0.2,-0.006097900587461662,-0.005025125628140783
0.2,-0.002409680513796918,-0.005025125628140674
0.2,0.005820465345562313,-0.005025125628140704
0.2,0.0006606878816780501,-0.005025125628140749
0.2,0.0008037646469715556,-0.005025125628140711
0.2,0.0029112432570891486,-0.005025125628140659
0.2,-0.0031749181498374308,-0.005025125628140733
0.2,0.005385090683798236,-0.005025125628140636
0.2,-0.0013783111880175116,-0.005025125628140696
0.2,-0.003341442355108768,-0.005025125628140674
0.2,0.0031376870024282253,-0.005025125628140636
0.2,-0.0012364088586313685,-0.005025125628140696
0.2,-0.002560174639755574,-0.005025125628140677
0.2,-0.0017986413503731638,-0.005025125628140704
0.2,0.002847933925160244,-0.005025125628140783
0.2,-0.0042779870587467276,-0.005025125628140636
0.2,-0.004200519679068709,-0.005025125628140783
0.2,-0.002489778871618592,-0.005025125628140677
0.2,9.075726283022194e-05,-0.005025125628140704
0.2,-0.0034696004697135807,-0.005025125628140704
0.2,0.0006858197613481533,-0.0050251256281407695
0.2,0.0023929968881960433,-0.005025125628140711
0.2,-0.0047508473988782185,-0.005025125628140704
0.2,0.00010986477987477173,-0.005025125628140696
0.4,-0.000892214501743873,-0.005025125628140674
0.4,0.005489018827990764,-0.005025125628140704
0.4,-0.0026768395676813263,-0.005025125628140733
0.4,-0.004972965423585345,-0.005025125628140622
0.4,-0.00430221226353031,-0.005025125628140704
0.4,-0.004113326351534163,-0.005025125628140704
0.4,0.003138631914909515,-0.005025125628140704
0.4,0.00097016610298947,-0.005025125628140677
0.4,-0.004170920747017818,-0.005025125628140704
0.4,-0.004727340177997648,-0.005025125628140711
0.4,-0.0021799176827147163,-0.005025125628140674
0.4,-0.004302717318711869,-0.005025125628140696
0.4,0.003330993882955799,-0.005025125628140674
0.4,0.00017954312817055755,-0.005025125628140704
0.4,0.01139701940860244,-0.005025125628140659
0.4,-0.0021324848295772338,-0.005025125628140659
0.4,-0.0042188116950893145,-0.005025125628140704
0.4,-0.004118341244774878,-0.005025125628140659
0.4,-0.0022041670777978297,-0.005025125628140704
0.4,-0.004667766857070413,-0.005025125628140704
0.4,-0.0029189190281037245,-0.005025125628140696
0.4,-0.003555093372988785,-0.005025125628140674
0.4,-0.004625396115770791,-0.005025125628140659
0.4,-0.00349061715793464,-0.005025125628140783
0.4,-0.0018484501453060718,-0.005025125628140704
0.4,-0.0030243435589241184,-0.005025125628140783
0.4,-0.005233079746245478,-0.005025125628140622
0.4,-0.0019071597448005705,-0.005025125628140783
0.4,-0.0011804238553329801,-0.005025125628140704
0.4,0.00031302860839638625,-0.005025125628140704
0.4,-0.0016538717143741403,-0.005025125628140704
0.4,-0.0026994107235443175,-0.005025125628140704
0.4,-0.0051853039354652734,-0.005025125628140711
0.4,-0.0032386121501091244,-0.005025125628140622
0.4,0.004346098714667444,-0.005025125628140659
0.4,0.00048443988997487876,-0.005025125628140704
0.4,-0.0037869025591933227,-0.005025125628140749
0.4,-0.004141987013183909,-0.005025125628140704
0.4,-0.002541031889375709,-0.005025125628140704
0.4,-0.002836046763814688,-0.005025125628140659
0.4,0.0001819763669140118,-0.005025125628140704
0.4,-0.002585173037539945,-0.005025125628140704
0.4,-0.0041990909537632575,-0.0050251256281407695
0.4,-0.0016623817457459703,-0.005025125628140704
0.4,-0.0027949978692411643,-0.005025125628140622
0.4,0.0016128968126326655,-0.005025125628140696
0.4,-0.0016414745949891534,-0.005025125628140704
0.4,-0.003983261220581049,-0.005025125628140674
0.4,0.002482694828937945,-0.005025125628140711
0.4,-0.00020624948706641933,-0.005025125628140704
0.4,-0.002629763462586517,-0.005025125628140711
0.4,-0.0030396369799767565,-0.005025125628140733
0.4,-0.002937920961537589,-0.005025125628140704
0.4,-0.005066296846072601,-0.005025125628140622
0.4,-0.0037430972650095515,-0.005025125628140659
0.4,0.002799709258900564,-0.005025125628140704
0.4,0.002553888575262235,-0.005025125628140711
0.4,-0.0035518818199889645,-0.005025125628140749
0.4,-0.00021025769557183216,-0.005025125628140783
0.4,-0.0021369558073603095,-0.005025125628140696
0.4,-0.002634855462426857,-0.005025125628140711
0.4,-0.0025347703520811732,-0.005025125628140704
0.4,-0.006612348912848529,-0.005025125628140636
0.4,0.0013924752781592385,-0.005025125628140704
0.4,0.0020052662761435593,-0.005025125628140733
0.4,-0.0014245994084539383,-0.005025125628140622
0.4,-0.0016534450964937827,-0.005025125628140677
0.4,-0.0036567450551445815,-0.005025125628140711
0.4,-0.0016936917720408316,-0.005025125628140674
0.4,-0.0030284410190704845,-0.005025125628140696
0.4,-0.003915902389063032,-0.005025125628140677
0.4,4.404196713801911e-05,-0.005025125628140704
0.4,-0.002462195111056426,-0.005025125628140622
0.4,-0.0008754141508310407,-0.005025125628140659
0.4,-0.005045060862389235,-0.005025125628140711
0.4,-0.0006014466890541118,-0.005025125628140704
0.4,-0.005074008411864937,-0.005025125628140783
0.4,-0.0029128744163684295,-0.005025125628140704
0.4,-0.005450800942645478,-0.005025125628140733
0.4,-0.004447897412364385,-0.0050251256281407695
0.4,-0.0038974594901884673,-0.005025125628140659
0.4,-0.001013065502501814,-0.005025125628140704
0.4,-0.0018499849978027834,-0.005025125628140711
0.4,-0.00307886077102556,-0.005025125628140704
0.4,-0.0046610518911217435,-0.005025125628140636
0.4,-0.0017773590793340654,-0.005025125628140711
0.4,-0.0017444238391132788,-0.005025125628140636
0.4,-0.0032402506539158773,-0.005025125628140636
0.4,-0.0014973303978859452,-0.005025125628140674
0.4,-0.0010967369613810026,-0.005025125628140783
0.4,0.0018937079925738544,-0.005025125628140733
0.4,-0.000593872150774706,-0.005025125628140704
0.4,-0.0010823283844453213,-0.005025125628140636
0.4,0.0003955093412164426,-0.005025125628140704
0.4,0.004055606679684714,-0.0050251256281407695
0.4,-0.0018761537214632945,-0.005025125628140677
0.4,-0.0005881879984188323,-0.005025125628140749
0.4,-0.005409525080298396,-0.005025125628140704
0.4,-0.003070908584865144,-0.005025125628140704
0.4,-0.0045801869775085515,-0.005025125628140733
0.6,-0.002712671096789715,-0.005025125628140677
0.6,-0.0020302832204133568,-0.005025125628140696
0.6,-0.0041857204603976475,-0.005025125628140704
0.6,-0.0004982822820248257,-0.005025125628140749
0.6,-0.005025125628140659,-0.005025125628140659
0.6,-0.003897759045457455,-0.005025125628140711
0.6,-0.004618559465415701,-0.005025125628140696
0.6,-0.003893944132180092,-0.005025125628140622
0.6,-0.001108769069065683,-0.005025125628140636
0.6,-0.0009799450226455188,-0.005025125628140733
0.6,-0.0051036087021330235,-0.005025125628140733
0.6,-0.003433843732378567,-0.005025125628140783
0.6,0.0014377630434097464,-0.005025125628140704
0.6,-0.0008548067693665896,-0.005025125628140711
0.6,-0.0009097770969090362,-0.005025125628140711
0.6,-0.00503518621010418,-0.005025125628140704
0.6,-0.0033604843454975064,-0.005025125628140733
0.6,-0.0033666174787204883,-0.005025125628140622
0.6,0.0003834494389936789,-0.005025125628140622
0.6,-0.002098497253415785,-0.005025125628140677
0.6,-0.0032199587079770457,-0.005025125628140659
0.6,-0.00372171385859469,-0.005025125628140636
0.6,-0.0026076319567908614,-0.005025125628140677
0.6,-0.0041789429688960655,-0.005025125628140704
0.6,-0.0005346091709622382,-0.005025125628140696
0.6,-0.0058553393577810585,-0.005025125628140704
0.6,-0.003907861817118892,-0.005025125628140704
0.6,-0.003153027796244132,-0.005025125628140674
0.6,-0.004476083591477657,-0.005025125628140622
0.6,-0.0055109992716909076,-0.005025125628140704
0.6,-0.0029009075215801236,-0.005025125628140659
0.6,-0.0037025669558755398,-0.005025125628140783
0.6,-0.0004896077501189586,-0.005025125628140704
0.6,-0.002678922459540921,-0.005025125628140659
0.6,-0.0033485068085868795,-0.005025125628140696
0.6,3.76630886752087e-05,-0.005025125628140749
0.6,-0.0007317319080555746,-0.005025125628140659
0.6,-0.006445187202258524,-0.00502512562814062
0.6,-0.0017978310338433647,-0.005025125628140696
0.6,-0.005024263217699812,-0.005025125628140674
0.6,-0.005866916281392406,-0.005025125628140674
0.6,-0.0047407115409347006,-0.005025125628140622
0.6,-0.004973009833552096,-0.005025125628140622
0.6,-0.0022949702982579313,-0.005025125628140659
0.6,-0.0018150994249814547,-0.005025125628140704
0.6,-0.0022406604949377156,-0.005025125628140622
0.6,-0.005089084545106979,-0.005025125628140674
0.6,-0.004586883198669312,-0.005025125628140696
0.6,-0.004368841630070801,-0.005025125628140696
0.6,-0.003983239019556396,-0.005025125628140783
0.6,-0.0042983302794767,-0.005025125628140783
0.6,-6.354981689073158e-05,-0.005025125628140733
0.6,-0.0037588164668775847,-0.005025125628140659
0.6,0.00349290718592407,-0.005025125628140704
0.6,-0.004901533696415312,-0.005025125628140783
0.6,-0.0012078019025413527,-0.005025125628140783
0.6,-0.00500261893438676,-0.005025125628140704
0.6,-0.0044881276220536835,-0.005025125628140704
0.6,-0.0046314682129540265,-0.005025125628140696
0.6,-0.005539543032283178,-0.0050251256281407695
0.6,-0.0037512341011465,-0.005025125628140783
0.6,-0.0032726477245003417,-0.005025125628140674
0.6,0.0006863062950158498,-0.005025125628140733
0.6,-0.002097803849592523,-0.005025125628140674
0.6,-0.0018845458521370615,-0.005025125628140749
0.6,-0.002725129324947448,-0.005025125628140783
0.6,-0.002008080093166695,-0.005025125628140674
0.6,0.0024252160814653674,-0.005025125628140622
0.6,-0.003342959191576049,-0.005025125628140704
0.6,-0.0035358822814043527,-0.005025125628140749
0.6,-0.003756375590581303,-0.005025125628140659
0.6,-0.0038573592082031477,-0.005025125628140749
0.6,0.0008362075036297015,-0.005025125628140622
0.6,-0.0034461171661304413,-0.005025125628140677
0.6,-0.0029046808880426813,-0.005025125628140696
0.6,-0.0009430810949528844,-0.005025125628140704
0.6,-0.005654389955602228,-0.005025125628140674
0.6,-0.0036040986302846465,-0.005025125628140674
0.6,-0.0016870365595491052,-0.005025125628140677
0.6,-0.004946144568816839,-0.005025125628140696
0.6,-0.0050125479359979415,-0.005025125628140659
0.6,-0.0025141124196933528,-0.005025125628140704
0.6,-0.004305258267131941,-0.005025125628140749
0.6,-0.003155076036222544,-0.005025125628140696
0.6,0.000510032623334407,-0.005025125628140696
0.6,-0.0033365161806068063,-0.005025125628140674
0.6,-0.004649758149902784,-0.005025125628140704
0.6,-0.004632791506593367,-0.005025125628140704
0.6,-0.0012763699035193133,-0.005025125628140704
0.6,-0.00039082013827725797,-0.005025125628140711
0.6,-0.005000125632903367,-0.005025125628140704
0.6,-0.003987115363832477,-0.005025125628140636
0.6,-0.0030792673292505076,-0.005025125628140622
0.6,-0.0031903811948861796,-0.005025125628140704
0.6,-0.0034982762556667216,-0.005025125628140674
0.6,-0.0031540978330912494,-0.005025125628140749
0.6,-0.0021437334709592305,-0.005025125628140696
0.6,-0.004895454003881513,-0.005025125628140704
0.6,0.002404606207344266,-0.005025125628140622
0.6,-0.003904195656643157,-0.005025125628140711
0.8,-0.0030011672947182714,-0.005025125628140704
0.8,-0.005025125628140704,-0.005025125628140704
0.8,-0.004268043330856278,-0.005025125628140704
0.8,-0.002573776908689352,-0.005025125628140783
0.8,0.0011527278722059681,-0.005025125628140731
0.8,0.0019930087180549706,-0.005025125628140659
0.8,-0.001964204210455327,-0.005025125628140783
0.8,-0.0027967289917893265,-0.005025125628140696
0.8,-0.002919791312150761,-0.005025125628140783
0.8,-0.001958203198750142,-0.005025125628140636
0.8,-0.00590708497007598,-0.0050251256281407695
0.8,-0.0024601390915840017,-0.005025125628140696
0.8,-0.0040381753168251345,-0.005025125628140674
0.8,-0.002246542194332345,-0.005025125628140704
0.8,-0.0012191058508139294,-0.005025125628140636
0.8,-0.00482493058814583,-0.005025125628140711
0.8,-0.004759127217638765,-0.005025125628140783
0.8,-0.004588146952827009,-0.005025125628140704
0.8,-0.004516991112269679,-0.005025125628140783
0.8,-0.0032999019423008546,-0.005025125628140674
0.8,-0.0017079179564898658,-0.005025125628140674
0.8,-0.004998319630357126,-0.005025125628140696
0.8,-0.0005976961522151608,-0.005025125628140711
0.8,-0.004387039445250125,-0.005025125628140636
0.8,-0.005008159496633765,-0.005025125628140636
0.8,-0.004799951060034339,-0.005025125628140749
0.8,-0.005025125628140783,-0.005025125628140783
0.8,-0.004233590648393527,-0.005025125628140696
0.8,-0.005071563219517377,-0.0050251256281407695
0.8,-0.0045943134173540776,-0.005025125628140659
0.8,-0.0047950213308088465,-0.005025125628140622
0.8,-0.005036420146949957,-0.005025125628140749
0.8,-0.004731008044191258,-0.005025125628140674
0.8,-0.004893106967900551,-0.005025125628140659
0.8,-0.005240562101159327,-0.005025125628140733
0.8,-0.006152513216436952,-0.005025125628140622
0.8,-0.003487741075852752,-0.005025125628140783
0.8,-0.004823302723398392,-0.005025125628140674
0.8,-0.004992220688951547,-0.005025125628140674
0.8,-0.004977889200216704,-0.0050251256281407695
0.8,-0.005037717867333636,-0.005025125628140659
0.8,-0.0051196072607610985,-0.005025125628140733
0.8,-0.00378336324694157,-0.005025125628140704
0.8,-0.0027191308641741616,-0.005025125628140677
0.8,-0.004249519141919084,-0.005025125628140659
0.8,-0.0010300265379287895,-0.005025125628140674
0.8,-0.005390690788840404,-0.005025125628140711
0.8,-0.003073760388353766,-0.005025125628140674
0.8,-0.005728480187333091,-0.005025125628140677
0.8,-0.0039166770340770245,-0.005025125628140677
0.8,-0.004553245584841054,-0.005025125628140622
0.8,-0.005219258735587135,-0.005025125628140674
0.8,-0.003895757638948367,-0.005025125628140659
0.8,-0.0036045069022982465,-0.005025125628140659
0.8,-0.0024998304690274234,-0.005025125628140733
0.8,-0.0020026133176093796,-0.005025125628140783
0.8,-0.0025834195735416968,-0.005025125628140711
0.8,-0.0036003083488260266,-0.005025125628140622
0.8,-0.002830078025567115,-0.005025125628140783
0.8,-0.005114177074517078,-0.005025125628140677
0.8,-0.0049501219170797455,-0.005025125628140696
0.8,-0.004623511545017766,-0.005025125628140636
0.8,-0.002472088540708587,-0.005025125628140636
0.8,-0.004082803797226707,-0.005025125628140674
0.8,-0.00536574779153907,-0.005025125628140696
0.8,-0.003776953486797219,-0.005025125628140674
0.8,-0.004500235710089795,-0.005025125628140704
0.8,-0.005163468786897964,-0.005025125628140704
0.8,-0.0028561939875717274,-0.005025125628140783
0.8,-0.00118871882974216,-0.005025125628140677
0.8,-0.004755930966712628,-0.005025125628140704
0.8,-0.0019821920331333873,-0.005025125628140704
0.8,-0.004276703147471919,-0.005025125628140733
0.8,-0.004670997758926294,-0.005025125628140704
0.8,-0.0056213210861250276,-0.005025125628140733
0.8,-0.004878023315159989,-0.005025125628140749
0.8,-0.0045408087277482075,-0.005025125628140677
0.8,-0.004859317862562722,-0.005025125628140659
0.8,-0.004744977108984201,-0.005025125628140696
0.8,-0.004566816836378945,-0.005025125628140733
0.8,-0.003338950605263398,-0.005025125628140783
0.8,-0.005882992361308815,-0.005025125628140704
0.8,-0.004222342122165549,-0.005025125628140783
0.8,-0.006011027365263708,-0.005025125628140704
0.8,-0.004717634526930753,-0.005025125628140704
0.8,-0.004355475705161007,-0.005025125628140696
0.8,-0.006065804679591357,-0.005025125628140696
0.8,-0.004626623509945343,-0.005025125628140783
0.8,-0.004200237079287206,-0.005025125628140711
0.8,-0.0023270341538486807,-0.005025125628140659
0.8,-0.004974842291363256,-0.005025125628140704
0.8,-0.003576535195176347,-0.005025125628140704
0.8,-0.0007225227415035272,-0.005025125628140696
0.8,-0.0050805637006407275,-0.005025125628140696
0.8,-0.005511034955410117,-0.005025125628140704
0.8,-0.00487806965612047,-0.005025125628140783
0.8,-0.003660931002792003,-0.005025125628140783
0.8,-0.002483667402703899,-0.005025125628140749
0.8,-0.003479387000293977,-0.005025125628140674
0.8,-0.001549332154717889,-0.005025125628140674
1.0,-0.005482592070601081,-0.00502512562814079
1.0,-0.00484558799019354,-0.005025125628140659
1.0,-0.005492741603962265,-0.005025125628140659
1.0,-0.005065725058685312,-0.005025125628140711
1.0,-0.005708370417721083,-0.005025125628140622
1.0,-0.005025125628140783,-0.005025125628140783
1.0,-0.003414744118706848,-0.005025125628140622
1.0,-0.004964566597988887,-0.005025125628140749
1.0,-0.005025125628140704,-0.005025125628140704
1.0,-0.005810364902575673,-0.005025125628140711
1.0,-0.003769904151928037,-0.005025125628140704
1.0,-0.005333860027261948,-0.0050251256281407695
1.0,-0.00510723872583062,-0.005025125628140704
1.0,-0.005025125628140636,-0.005025125628140636
1.0,-0.00507174900306105,-0.005025125628140711
1.0,-0.00512426034298006,-0.005025125628140704
1.0,-0.005176157989347377,-0.005025125628140783
1.0,-0.006878530016551791,-0.005025125628140677
1.0,-0.005062179929801102,-0.005025125628140696
1.0,-0.00515209533100815,-0.005025125628140636
1.0,-0.006389347787868915,-0.005025125628140674
1.0,-0.005239617316447799,-0.005025125628140783
1.0,-0.00501724044319868,-0.005025125628140711
1.0,-0.004415845977585467,-0.005025125628140704
1.0,-0.0054521365609347845,-0.005025125628140783
1.0,-0.0043512811205424955,-0.005025125628140733
1.0,-0.004512241069702288,-0.005025125628140733
1.0,-0.004628895868409411,-0.005025125628140696
1.0,-0.005898517555385232,-0.005025125628140636
1.0,-0.005052695714856467,-0.005025125628140659
1.0,-0.0059907581985046,-0.005025125628140696
1.0,-0.005025125628140659,-0.005025125628140659
1.0,-0.004914588968099348,-0.005025125628140674
1.0,-0.005025125628140704,-0.005025125628140704
1.0,-0.005189891523987209,-0.005025125628140749
1.0,-0.00478234969178199,-0.005025125628140704
1.0,-0.006696519178166909,-0.005025125628140733
1.0,-0.004934976546559608,-0.005025125628140674
1.0,-0.0048751538521854135,-0.005025125628140733
1.0,-0.004806521502476745,-0.005025125628140674
1.0,-0.004967866711238807,-0.005025125628140704
1.0,-0.007170292784640729,-0.005025125628140674
1.0,-0.0061332398150935625,-0.0050251256281407695
1.0,-0.004491651304229894,-0.0050251256281407695
1.0,-0.004787316351864263,-0.005025125628140696
1.0,-0.004581351671822191,-0.005025125628140704
1.0,-0.004292391523148324,-0.005025125628140674
1.0,-0.007059078479869391,-0.005025125628140783
1.0,-0.005025125628140636,-0.005025125628140636
1.0,-0.00572641114832388,-0.005025125628140749
1.0,-0.006345959214348171,-0.005025125628140696
1.0,-0.00692641211780938,-0.005025125628140704
1.0,-0.003529595146203104,-0.005025125628140696
1.0,-0.006841277721176054,-0.005025125628140704
1.0,-0.005428790399270634,-0.005025125628140659
1.0,-0.00507026074211039,-0.005025125628140783
1.0,-0.005135532445369413,-0.005025125628140674
1.0,-0.005329891566370882,-0.005025125628140622
1.0,-0.005025125628140733,-0.005025125628140733
1.0,-0.004121957683667152,-0.005025125628140696
1.0,-0.004895960027798097,-0.005025125628140622
1.0,-0.004564433624958516,-0.005025125628140704
1.0,-0.0033311735510393086,-0.005025125628140696
1.0,-0.005025125628140696,-0.005025125628140696
1.0,-0.005025125628140704,-0.005025125628140704
1.0,-0.005932960847782271,-0.005025125628140674
1.0,-0.005207078229032694,-0.005025125628140731
1.0,-0.005025125628140783,-0.005025125628140783
1.0,-0.004924330064559492,-0.005025125628140749
1.0,-0.004361323168021191,-0.005025125628140696
1.0,-0.005051940877322077,-0.005025125628140696
1.0,-0.004968389001905878,-0.005025125628140622
1.0,-0.005659533085317097,-0.005025125628140711
1.0,-0.004151114686767801,-0.005025125628140622
1.0,-0.005082256116617733,-0.005025125628140711
1.0,-0.005025125628140783,-0.005025125628140783
1.0,-0.005025125628140674,-0.005025125628140674
1.0,-0.0054888065146409286,-0.005025125628140704
1.0,-0.005025125628140636,-0.005025125628140636
1.0,-0.0040053695458937295,-0.005025125628140749
1.0,-0.00375674371407326,-0.005025125628140704
1.0,-0.004983715549549286,-0.005025125628140704
1.0,-0.00552200452578381,-0.005025125628140783
1.0,-0.004118331862602426,-0.005025125628140711
1.0,-0.0074969938330726425,-0.005025125628140704
1.0,-0.005674200962802848,-0.005025125628140696
1.0,-0.005025125628140622,-0.005025125628140622
1.0,-0.006039596552109257,-0.005025125628140733
1.0,-0.005025125628140733,-0.005025125628140733
1.0,-0.006548531505380078,-0.005025125628140696
1.0,-0.005880689720217421,-0.005025125628140659
1.0,-0.005611257666728802,-0.0050251256281407695
1.0,-0.005478015821604801,-0.005025125628140749
1.0,-0.005483426845711197,-0.005025125628140659
1.0,-0.005025125628140704,-0.005025125628140704
1.0,-0.005025125628140704,-0.005025125628140704
1.0,-0.005025125628140783,-0.005025125628140783
1.0,-0.005320988464011148,-0.005025125628140696
1.0,-0.004896985040953328,-0.005025125628140749
1.0,-0.005025125628140704,-0.005025125628140704
