Gamma,Assortativity
1.0,0.01182961336412254
1.0,0.014739876045830215
1.0,0.0005538292247316703
1.0,-0.007509958306796353
1.0,0.003197577804532551
1.0,0.000681910601014767
1.0,0.01653905550746785
1.0,-0.029214684433830025
1.0,-0.027630216947250832
1.0,-0.018390606753785566
1.0,-0.037014966846589815
1.0,-0.036327952845069345
1.0,-0.027965450515059987
1.0,0.012085836758242513
1.0,-0.014590912564558111
1.0,0.04221672462917044
1.0,-0.015453372019384876
1.0,0.01615280219081878
1.0,-0.09059216394022343
1.0,-0.016145629716965572
1.0,0.027636417792820778
1.0,-0.050276959096708394
1.0,-0.029593226451244646
1.0,0.01942674001758394
1.0,0.04838789100259643
1.0,0.029131401482791835
1.0,-0.014115245151866546
1.0,-0.023880238761782146
1.0,-0.003369985827242752
1.0,-0.04433135963781106
1.0,0.025378982482426232
1.0,0.045217835125127295
1.0,0.00010202049574088285
1.0,0.012659728365608957
1.0,-0.01462698957748574
1.0,-0.016642235807288235
1.0,0.014175036546320366
1.0,0.014365934585684548
1.0,-0.005973937583260188
1.0,-0.0343904444506753
1.0,0.021647051708161183
1.0,-0.062397413279849524
1.0,-0.0036098050815777712
1.0,-0.012033277268074133
1.0,0.032075829734401685
1.0,-0.005640168087117346
1.0,0.01873890636817216
1.0,0.022739372817556294
1.0,0.004364493639818465
1.0,0.0005974917180389481
1.0,0.013888670629580602
1.0,-0.027525073531409053
1.0,0.01588225466006553
1.0,-0.040629750843164884
1.0,-0.051955916974965016
1.0,-0.006682562614838555
1.0,0.013924905181700751
1.0,0.01330844721459629
1.0,0.0007414764981395959
1.0,0.014581194291155175
1.0,0.01316008972140576
1.0,-0.008561698195944451
1.0,0.01689376980901496
1.0,0.0033317651298292263
1.0,0.00408521476184188
1.0,-0.0029971867396360163
1.0,0.008957499523537284
1.0,-0.01994672985556007
1.0,-0.006471609602598702
1.0,0.0016304639706840823
1.0,0.0034232311375320197
1.0,-0.0016578499234672893
1.0,0.009917270631514877
1.0,-0.015166472825279142
1.0,0.009793363814066775
1.0,-0.0627672353062999
1.0,-0.026683890720885218
1.0,-0.0416763889177772
1.0,-0.01412848227302716
1.0,-0.06205387368033376
1.0,0.017992963379772096
1.0,0.014817037302992157
1.0,0.01101945567227815
1.0,0.03142591549464281
1.0,-0.004889283214379783
1.0,-0.023712667360927836
1.0,0.01880605758611831
1.0,-0.0303500602303182
1.0,1.8858300653933307e-05
1.0,-0.03310744634976109
1.0,-0.014317441726404558
1.0,-0.02167476623443979
1.0,-0.02243337373992958
1.0,0.010659646254256989
1.0,0.003240674413962973
1.0,0.030722119752709016
1.0,-0.042066457302565904
1.0,0.00929154520975649
1.0,0.029412316999846113
1.0,-0.012209650782748912
0.3,0.10209317389254537
0.3,0.0688173193571891
0.3,0.11237013867363041
0.3,0.14913212805333703
0.3,0.06203103245161533
0.3,0.12209928134360305
0.3,0.08598457611984331
0.3,0.13671781829179597
0.3,0.04806639319970909
0.3,0.08975877054646424
0.3,0.053282085261441306
0.3,0.07261250430677757
0.3,0.09149502359256992
0.3,0.09152090925230703
0.3,0.1214381135390799
0.3,0.053947399170869124
0.3,0.12409686610692547
0.3,0.09222732081895926
0.3,0.06475462345480307
0.3,0.2569165072400729
0.3,0.10714329258986047
0.3,0.028486589485376277
0.3,0.07103529688555087
0.3,0.08672105083801235
0.3,0.09804671622432376
0.3,0.11272078098591241
0.3,0.11189035634297018
0.3,0.13086931078860267
0.3,0.11811416613377475
0.3,0.07130857991568401
0.3,0.09667533242333766
0.3,0.021942122636926457
0.3,0.10396510260479816
0.3,0.08509672898616302
0.3,0.08708106811037088
0.3,0.08461667231265549
0.3,0.09121120651234053
0.3,0.06132294693796057
0.3,0.08592701931914791
0.3,0.08223909926786933
0.3,0.08198461178440791
0.3,0.07241177368045366
0.3,0.055243631159783535
0.3,0.019995692143843825
0.3,0.06641666762026457
0.3,0.07285379804542638
0.3,0.08273020926643725
0.3,0.1177840298825138
0.3,0.084109739272724
0.3,0.024004843165108994
0.3,0.11167883670333906
0.3,0.07099575811531349
0.3,0.08575219815457505
0.3,0.05393851523350361
0.3,0.028935071354402795
0.3,0.0826871445675787
0.3,0.08493128765777028
0.3,0.09665466762971646
0.3,0.03424029130575888
0.3,0.10362313714125301
0.3,0.10173275287761194
0.3,0.09243797679122684
0.3,0.10690916966600558
0.3,0.11378022273479745
0.3,0.09902172279121549
0.3,0.05217870623374662
0.3,0.08676272596977125
0.3,0.09784516588737498
0.3,0.16233284862634242
0.3,0.07012535881247788
0.3,0.09138584459687947
0.3,0.09989237094057257
0.3,0.15776370892028907
0.3,0.055220542146989696
0.3,0.10345640946739362
0.3,0.14218707021721413
0.3,0.16872626794228343
0.3,0.07291373880459613
0.3,0.05426944422862837
0.3,0.05465640710757852
0.3,0.08372087662364897
0.3,0.06842999679546359
0.3,0.12704263486853268
0.3,0.07555938588041913
0.3,0.06748924304013798
0.3,0.004339703759395993
0.3,0.08698708536940622
0.3,0.12305862918606418
0.3,0.09945378437963528
0.3,0.12562586404318346
0.3,0.11355143015100419
0.3,0.0641423062089899
0.3,0.1074032098736556
0.3,0.06253522239376294
0.3,0.08345901013624346
0.3,0.10805095473136699
0.3,0.13418652129861214
0.3,0.040342436666121646
0.3,0.0203750923368119
0.3,0.1479019614070843
0.4,0.15118189791853012
0.4,0.07501510588251846
0.4,0.08636510734050004
0.4,0.06096502371851316
0.4,0.051386350655005006
0.4,0.04470926434844751
0.4,0.17481764768985572
0.4,0.09267940313425738
0.4,0.06249686882300466
0.4,0.06942773579966473
0.4,0.07059493669714076
0.4,0.09169954224027235
0.4,0.08378853626273858
0.4,0.09441886873697106
0.4,0.12847444080509984
0.4,0.11169558099989879
0.4,0.0855302191453298
0.4,0.09785889006272329
0.4,0.08438489269867194
0.4,0.06902376751266137
0.4,0.05769589884993968
0.4,0.04332620164203785
0.4,0.0763181155863722
0.4,0.022759827654023235
0.4,0.05697125627885152
0.4,0.01959718354113916
0.4,0.13956691516232766
0.4,0.12319863580512215
0.4,0.07265949506000191
0.4,0.10134054893520321
0.4,0.11833385970532682
0.4,-0.006070217158014454
0.4,0.0735376392846658
0.4,0.03815694937401441
0.4,0.08756655890757636
0.4,0.08286341807786499
0.4,0.0431347143969187
0.4,0.06032435549765785
0.4,0.08262404360487283
0.4,0.060583473176971374
0.4,0.09891516353686916
0.4,0.11460212212244286
0.4,0.03779603514418712
0.4,0.08474196103288766
0.4,0.04811405587756449
0.4,0.07980938829030657
0.4,0.07136880543587493
0.4,0.07579843946840116
0.4,0.0996372334959953
0.4,0.10865204108685154
0.4,0.07326956030750749
0.4,0.06177037209888654
0.4,0.025980704939647603
0.4,0.05002538374256009
0.4,0.11691079415407774
0.4,0.08006228858115472
0.4,0.12053208811722875
0.4,0.12614936485974035
0.4,0.13100653304733456
0.4,0.05905017789780216
0.4,0.03745842478727883
0.4,0.05772792041287784
0.4,0.10447551019400758
0.4,0.11018877994977831
0.4,0.09132287397897886
0.4,0.17452033565318953
0.4,0.07885651677964906
0.4,0.0729220746741675
0.4,0.13132077984327795
0.4,0.0826409613927483
0.4,0.028545226525170744
0.4,0.03460742715854202
0.4,0.07953468172533863
0.4,0.056377611894721756
0.4,0.0617593184421395
0.4,0.08061110573622678
0.4,0.10091745948009598
0.4,0.14456124612674734
0.4,0.08373600777432157
0.4,0.06481157950404103
0.4,0.06825565088385369
0.4,0.052885228335974255
0.4,0.09682001768012365
0.4,0.04831912772539588
0.4,0.07762258845742916
0.4,0.12050658036848104
0.4,0.06168383078120063
0.4,0.13239895279739775
0.4,0.07872478619124391
0.4,0.07007737034752444
0.4,0.033600594775877075
0.4,0.09843903682191914
0.4,0.12505035382798915
0.4,0.10076461549779382
0.4,0.11314784745722677
0.4,0.054016692852236495
0.4,0.10877237081720972
0.4,0.08734447340576841
0.4,0.03555677228620161
0.4,-0.00893964529306525
-0.8,0.14807296623639638
-0.8,0.18369809096933976
-0.8,0.10372521872336866
-0.8,0.13800299923704812
-0.8,0.15085472994403334
-0.8,0.11187821750998156
-0.8,0.1286802922061426
-0.8,0.14689981054887544
-0.8,0.15290544104555726
-0.8,0.19588410527028424
-0.8,0.16120857457654575
-0.8,0.1056548638726672
-0.8,0.1851023315018292
-0.8,0.21257488678549535
-0.8,0.18091392762214006
-0.8,0.1753839014567362
-0.8,0.18647971464488525
-0.8,0.1535011601137344
-0.8,0.12275801227754585
-0.8,0.15874944792244358
-0.8,0.20123270569945775
-0.8,0.14488897209540572
-0.8,0.21048117227859459
-0.8,0.14905154883900726
-0.8,0.19056837430088266
-0.8,0.1796033510252586
-0.8,0.1405420859204148
-0.8,0.14212510629048955
-0.8,0.15765221329791282
-0.8,0.1065204236051651
-0.8,0.14708464435790417
-0.8,0.1759558441081785
-0.8,0.2137688813257581
-0.8,0.12875984923364395
-0.8,0.15192266612869973
-0.8,0.17944030836315236
-0.8,0.16227086439467203
-0.8,0.1572647040582132
-0.8,0.1339858015274059
-0.8,0.14743618980041404
-0.8,0.142306278514297
-0.8,0.16508155614878517
-0.8,0.17133650012728033
-0.8,0.10396985999881364
-0.8,0.10383224981541123
-0.8,0.15309754163295847
-0.8,0.1793900524673795
-0.8,0.2765455959648337
-0.8,0.1831765016852559
-0.8,0.13534989288277988
-0.8,0.21036523534278592
-0.8,0.21190226762164288
-0.8,0.1337563150294155
-0.8,0.08815481003876104
-0.8,0.1148135579877961
-0.8,0.11226652819128605
-0.8,0.13078746482935716
-0.8,0.1394236764883469
-0.8,0.13655103669244922
-0.8,0.19269986545617884
-0.8,0.1851137744177331
-0.8,0.16130064536856026
-0.8,0.12332759986446677
-0.8,0.1070633624332611
-0.8,0.17424087450585132
-0.8,0.1352910448153388
-0.8,0.16140591297626775
-0.8,0.16355381636162408
-0.8,0.15364920730352033
-0.8,0.11426696779837492
-0.8,0.23682972972070823
-0.8,0.1790879735963292
-0.8,0.07740212930431256
-0.8,0.11858867006033391
-0.8,0.1129357108221743
-0.8,0.16862954446569578
-0.8,0.23184794363698497
-0.8,0.1721060132920642
-0.8,0.13310108588171
-0.8,0.20310774170586193
-0.8,0.1110781834381018
-0.8,0.16969273886150577
-0.8,0.16692699561435925
-0.8,0.10551368037600395
-0.8,0.16867751541377285
-0.8,0.14429229921322181
-0.8,0.13864517890613112
-0.8,0.16582434187101383
-0.8,0.23827730912135237
-0.8,0.11214664427271684
-0.8,0.07391650203450156
-0.8,0.14899352644542696
-0.8,0.14280159051920505
-0.8,0.21382123630602268
-0.8,0.1721967238747409
-0.8,0.11584488569778188
-0.8,0.15711643098134187
-0.8,0.12345226170162599
-0.8,0.14991840973149392
-0.8,0.19309924257989708
-0.6,0.2654800456199685
-0.6,0.22986386132574488
-0.6,0.19976048884474104
-0.6,0.1519871658027024
-0.6,0.12330476297686838
-0.6,0.15700726657370573
-0.6,0.26866920314581094
-0.6,0.19122766308971068
-0.6,0.13286051757205714
-0.6,0.18265747203210364
-0.6,0.1090160931924098
-0.6,0.18554054145785806
-0.6,0.11517164991628484
-0.6,0.15731176925183088
-0.6,0.2137544798696723
-0.6,0.20893817661648847
-0.6,0.17309272929644198
-0.6,0.11588042572367489
-0.6,0.1385749900488146
-0.6,0.10790182697472513
-0.6,0.12414788415311273
-0.6,0.11531343833543836
-0.6,0.08743568626278478
-0.6,0.12520108464033047
-0.6,0.18725806207280604
-0.6,0.1729658231958162
-0.6,0.12897286381912426
-0.6,0.19926866530665843
-0.6,0.17594380471678034
-0.6,0.15525202680097325
-0.6,0.16492601904961635
-0.6,0.101213266583483
-0.6,0.12457075617390864
-0.6,0.1837129747388075
-0.6,0.10010693201543061
-0.6,0.20467292318133937
-0.6,0.11405344514729417
-0.6,0.09065176641646618
-0.6,0.12999007432154355
-0.6,0.10849398049310928
-0.6,0.1330880272577505
-0.6,0.1696203224313664
-0.6,0.15091945090720052
-0.6,0.1193281439545261
-0.6,0.1474306068071274
-0.6,0.14236839119310588
-0.6,0.18408845572460678
-0.6,0.1084231712526836
-0.6,0.13642184829701873
-0.6,0.11418336046286953
-0.6,0.08451348181155934
-0.6,0.15722285016927934
-0.6,0.09870569324265997
-0.6,0.17890759023348674
-0.6,0.13516049768623292
-0.6,0.2158469582965978
-0.6,0.1864531890533014
-0.6,0.20884165363581805
-0.6,0.12262316958748248
-0.6,0.17353756398137563
-0.6,0.15528610504619803
-0.6,0.15179249874615897
-0.6,0.16061154500804903
-0.6,0.1367025732241928
-0.6,0.14309458172892903
-0.6,0.13653943993535844
-0.6,0.23101992221935785
-0.6,0.12719636084996497
-0.6,0.18295685258992617
-0.6,0.20312323850203093
-0.6,0.1968567444793933
-0.6,0.089400775647102
-0.6,0.13462901423137086
-0.6,0.1814169637409555
-0.6,0.12455396067753047
-0.6,0.12699248478705233
-0.6,0.16164479665408546
-0.6,0.17567935843925142
-0.6,0.1309150196148239
-0.6,0.20315510245367852
-0.6,0.18571613895691405
-0.6,0.09359835394189661
-0.6,0.16778116476229693
-0.6,0.1896977154038247
-0.6,0.17667472499709183
-0.6,0.1713670280531838
-0.6,0.10032254644203084
-0.6,0.1826967315185478
-0.6,0.148891970841103
-0.6,0.0713122895443882
-0.6,0.1639767794030755
-0.6,0.14137740257355777
-0.6,0.13376308104351722
-0.6,0.17259416840391836
-0.6,0.16083479260280198
-0.6,0.20728285785011002
-0.6,0.08768744272341988
-0.6,0.10671296741190145
-0.6,0.21066570664973241
-0.6,0.14481981305202174
-0.1,0.16155130106996554
-0.1,0.15138103504297146
-0.1,0.08954770936840119
-0.1,0.06774271316594026
-0.1,0.14310663484903766
-0.1,0.1250075462797611
-0.1,0.14226355841550578
-0.1,0.07177311543569517
-0.1,0.11817285245355397
-0.1,0.12611186076973047
-0.1,0.15069554695532597
-0.1,0.11236516969017792
-0.1,0.12751517240440718
-0.1,0.10959734741094385
-0.1,0.08111021251109558
-0.1,0.06353310997346807
-0.1,0.1031679362810253
-0.1,0.15358903633548956
-0.1,0.11519001327436852
-0.1,0.10670273775126439
-0.1,0.13576422028826202
-0.1,0.11684105471499183
-0.1,0.1082648113677062
-0.1,0.10354776180737256
-0.1,0.11619024111583663
-0.1,0.14514678622199162
-0.1,0.15447277330950057
-0.1,0.07485526208928837
-0.1,0.1689211724018528
-0.1,0.10567990914657001
-0.1,0.0864123761312093
-0.1,0.16424216520418364
-0.1,0.1004652237037151
-0.1,0.14873530850877134
-0.1,0.13261968547288738
-0.1,0.06508397891675873
-0.1,0.10642761154677917
-0.1,0.1414257758421274
-0.1,0.11467789326436978
-0.1,0.10324173188429642
-0.1,0.11020491755881388
-0.1,0.11104895040796146
-0.1,0.1144204869339408
-0.1,0.10532321954749503
-0.1,0.11095490913017027
-0.1,0.11513660542627169
-0.1,0.09934868725049803
-0.1,0.09928287830240227
-0.1,0.13952627227377698
-0.1,0.12041696889256223
-0.1,0.11131547433955023
-0.1,0.15708875667440117
-0.1,0.07894280231296026
-0.1,0.0973994126355294
-0.1,0.15559825562645677
-0.1,0.0960919402924052
-0.1,0.10736082250122625
-0.1,0.10445018361628453
-0.1,0.1829498397697469
-0.1,0.051542378238217584
-0.1,0.11007168164591163
-0.1,0.17331059634388052
-0.1,0.10353074687616422
-0.1,0.1158657953345546
-0.1,0.1415744279099067
-0.1,0.06526588327428699
-0.1,0.1839793562626304
-0.1,0.14689262999115657
-0.1,0.12094191019912211
-0.1,0.12747328598508428
-0.1,0.11511642242425044
-0.1,0.13662581320040004
-0.1,0.16016554098518954
-0.1,0.13265663478638487
-0.1,0.1658955036213398
-0.1,0.10852586813672997
-0.1,0.07725322372254169
-0.1,0.12067640014142685
-0.1,0.20225136202603186
-0.1,0.05005721377597367
-0.1,0.07148286694469082
-0.1,0.07156055999977477
-0.1,0.109139749050974
-0.1,0.1264908392503235
-0.1,0.16716152833375703
-0.1,0.11780245136737354
-0.1,0.0838424502626769
-0.1,0.09757995320169427
-0.1,0.15937429861070437
-0.1,0.1170576844453721
-0.1,0.05004792408883225
-0.1,0.1657710563168505
-0.1,0.07204040131454567
-0.1,0.08065934289858973
-0.1,0.11715558635422602
-0.1,0.14973350209892175
-0.1,0.10253844078824774
-0.1,0.11392290680459473
-0.1,0.1280730864099381
-0.1,0.144453862160228
0.5,0.03720383642753999
0.5,0.07942144029273189
0.5,0.06412260798353614
0.5,0.07364666856839658
0.5,0.051761344189920254
0.5,0.07610727504114909
0.5,0.026120011683675573
0.5,0.05837883211402318
0.5,0.08048196366650072
0.5,0.05086305952037429
0.5,0.08644498140806389
0.5,0.07343717149339976
0.5,0.15904313880325407
0.5,0.061319882849057886
0.5,0.03401493305527756
0.5,0.07790666553556105
0.5,0.07841598831866665
0.5,0.036730703261808634
0.5,0.06039136564104544
0.5,0.04916220936125445
0.5,0.10630143743952769
0.5,0.07032898311629851
0.5,0.0781217159332515
0.5,0.09054529822600348
0.5,0.099219418418713
0.5,0.06942647663108074
0.5,0.07139469895374595
0.5,0.08756094052453661
0.5,0.03372261596542579
0.5,0.06240263718311506
0.5,0.11826047075811255
0.5,0.05849219547605776
0.5,0.07335193850543816
0.5,0.09131963467260121
0.5,0.08448710401711439
0.5,0.04618579446028934
0.5,0.10422908977438707
0.5,0.0871743998119023
0.5,0.06578855895795928
0.5,0.06183457057059471
0.5,0.06986861121646618
0.5,0.06418536330869158
0.5,0.052897048108184595
0.5,0.0788482427091403
0.5,0.0699889652382662
0.5,0.04882233154495963
0.5,0.041751363360607294
0.5,0.11179027622547927
0.5,0.14722973397375919
0.5,0.09803954023976937
0.5,0.03672758979446954
0.5,0.04141930299187805
0.5,0.02372479674386619
0.5,0.047182497183543226
0.5,0.05345786320291061
0.5,0.04261807410101293
0.5,0.030592795336593103
0.5,0.06602143690436527
0.5,0.09980986496440016
0.5,0.11911143473986406
0.5,0.072155625108211
0.5,0.07170645924340614
0.5,0.07318552646744123
0.5,0.07074404358151658
0.5,0.09610267180947701
0.5,0.10703334158216654
0.5,0.11208311446562007
0.5,0.09273844142428292
0.5,0.0008927587833612241
0.5,0.0877921711981098
0.5,0.12041351054903555
0.5,0.11468347219697461
0.5,0.03182717179401612
0.5,0.08505808199252732
0.5,0.09542320076859921
0.5,0.02648970166019692
0.5,0.052678162985891626
0.5,0.01601441821090831
0.5,0.07759590428082162
0.5,0.09165406994806163
0.5,0.061293774837661234
0.5,0.007644745336715446
0.5,0.04495127643510702
0.5,0.08851377839437728
0.5,0.09575940914684095
0.5,0.023676332474611886
0.5,0.06623564931954283
0.5,0.09191520296615352
0.5,0.06591613832208225
0.5,0.07872119063384364
0.5,0.07852132428712667
0.5,0.06894528677620332
0.5,0.1008102918365968
0.5,0.05134687678046082
0.5,0.076078887432508
0.5,0.042034585009665414
0.5,0.06948497130168302
0.5,0.09531001750554871
0.5,0.10860134054520755
0.5,0.06170653096920496
0.2,0.16674214975845414
0.2,0.1240544278585785
0.2,0.12076435170654053
0.2,0.06977266908809042
0.2,0.09223509791469034
0.2,0.10569644756612902
0.2,0.12356827372378416
0.2,0.07816097731752024
0.2,0.10243139241115679
0.2,0.14364137563765972
0.2,0.05980580915988563
0.2,0.110496749764597
0.2,0.13313457791281852
0.2,0.12019415657082282
0.2,0.10542932541209739
0.2,0.09891503569040593
0.2,0.052768187136768376
0.2,0.11812723001364436
0.2,0.10803719965840061
0.2,0.16036078144753185
0.2,0.08917713919157962
0.2,0.2035673083010833
0.2,0.07485905446876373
0.2,0.039768522075794885
0.2,0.13654863246511842
0.2,0.12791907823384557
0.2,0.062146607926319195
0.2,0.10817787739791164
0.2,0.08766576912776455
0.2,0.0778085102248363
0.2,0.10410471043780156
0.2,0.13078134623129312
0.2,0.05206065917580412
0.2,0.11576497133463819
0.2,0.12597480124050384
0.2,0.10242583140141331
0.2,0.06338828361189477
0.2,0.12373643428206052
0.2,0.08910727830166437
0.2,0.0662537259119919
0.2,0.09889152625367068
0.2,0.08907519001098649
0.2,0.07155803561353655
0.2,0.047120757722918696
0.2,0.060636973161170074
0.2,0.18125471414003758
0.2,0.1129668714793706
0.2,0.08376115804772434
0.2,0.13289670645984678
0.2,0.12192661371444279
0.2,0.12086832730549509
0.2,0.07580283507872927
0.2,0.05076308566042031
0.2,0.0971976092761054
0.2,0.14302460410934703
0.2,0.1349048851602987
0.2,0.14199986625192068
0.2,0.12921720187336905
0.2,0.06773938671194933
0.2,0.11162299752622398
0.2,0.07155747819067197
0.2,0.1243504283193105
0.2,0.10231633652298812
0.2,0.12127431653198824
0.2,0.13198002170409825
0.2,0.1028954397924479
0.2,0.07382788633608312
0.2,0.15274973127962774
0.2,0.15145388414061403
0.2,0.1428233516216791
0.2,0.10272492094756652
0.2,0.06862713478975847
0.2,0.11951850110117085
0.2,0.10418580468262122
0.2,0.06988839146239609
0.2,0.13408164340903417
0.2,0.07662614903678515
0.2,0.09349134076908153
0.2,0.05738286006386289
0.2,0.06464098157114323
0.2,0.13734294018449575
0.2,0.10067980801593263
0.2,0.1007267490943005
0.2,0.06071991474979612
0.2,0.10154787293450447
0.2,0.10918651010364301
0.2,0.1800326087714801
0.2,0.11756647705200855
0.2,0.12659709998526575
0.2,0.09301539364641914
0.2,0.08748553268785156
0.2,0.06013943586937117
0.2,0.08992663749517069
0.2,0.0877262118795379
0.2,0.08245849085802993
0.2,0.06874091442526893
0.2,0.1497568185078611
0.2,0.1661463849539676
0.2,0.12563710643347023
0.2,0.11340163629992593
-0.7,0.17923799392545942
-0.7,0.15208172072883566
-0.7,0.16446145059144493
-0.7,0.1456492812791953
-0.7,0.11415179318383602
-0.7,0.17984484941717382
-0.7,0.1535029934094318
-0.7,0.1683562540427236
-0.7,0.1658969541247574
-0.7,0.1810675799031923
-0.7,0.13834666504326693
-0.7,0.16943447304555323
-0.7,0.12076213043970066
-0.7,0.1536370903111556
-0.7,0.14335729534730982
-0.7,0.1918651733751961
-0.7,0.138806001571296
-0.7,0.1607442134753384
-0.7,0.18967721364486032
-0.7,0.09160855851496794
-0.7,0.22084370250235869
-0.7,0.16355944751147494
-0.7,0.11685482857520724
-0.7,0.12577566157338416
-0.7,0.10120513423667994
-0.7,0.14622176891593033
-0.7,0.15967247100133267
-0.7,0.1262513034410845
-0.7,0.21888483167237222
-0.7,0.270240219912859
-0.7,0.1812893932256771
-0.7,0.16724973675561738
-0.7,0.16221149549153024
-0.7,0.17473403684342761
-0.7,0.1571955415400171
-0.7,0.1407930307036277
-0.7,0.13336547864729378
-0.7,0.11924605193541044
-0.7,0.13877428664454725
-0.7,0.12030167383950592
-0.7,0.20419588362844834
-0.7,0.12144646523654141
-0.7,0.10597412757228515
-0.7,0.09971292524028746
-0.7,0.09965133792669847
-0.7,0.11263436107185552
-0.7,0.08814318815823903
-0.7,0.11848004707650027
-0.7,0.15608861846386232
-0.7,0.1422743054711088
-0.7,0.1318952669198823
-0.7,0.13150010567378304
-0.7,0.11804178076783658
-0.7,0.17915554310156112
-0.7,0.1808271330796429
-0.7,0.1423341357023885
-0.7,0.1597801928263362
-0.7,0.12646099368217298
-0.7,0.10586050905158229
-0.7,0.1972864946513014
-0.7,0.1662681223588354
-0.7,0.17070790061782143
-0.7,0.06799015030309888
-0.7,0.20234663575086856
-0.7,0.19596792766880375
-0.7,0.14902762032775924
-0.7,0.1369565034306465
-0.7,0.125378251050459
-0.7,0.19851933500611746
-0.7,0.2118364171922241
-0.7,0.09210111140217427
-0.7,0.13087990410612174
-0.7,0.12341008183618868
-0.7,0.17138331626312486
-0.7,0.10349684596414047
-0.7,0.13900785523578513
-0.7,0.2100703736256921
-0.7,0.17171549912426196
-0.7,0.14769709750367252
-0.7,0.14445820465727602
-0.7,0.151535066736173
-0.7,0.21158294080475518
-0.7,0.12985590735322217
-0.7,0.1901494488316628
-0.7,0.14702213835481223
-0.7,0.1599591788849102
-0.7,0.1886572461785002
-0.7,0.15951625470259792
-0.7,0.13576072658865632
-0.7,0.1586994881931383
-0.7,0.16031546804902566
-0.7,0.13607912731966534
-0.7,0.16394486661947652
-0.7,0.16202671768335694
-0.7,0.18044448053502465
-0.7,0.17782052337258508
-0.7,0.22459788890927992
-0.7,0.1561475309867375
-0.7,0.08273973468331935
-0.7,0.15618851343185858
-0.9,0.15490809386712587
-0.9,0.18696198809282538
-0.9,0.1205280013037754
-0.9,0.14077903862315033
-0.9,0.13441611700187966
-0.9,0.10039566513160068
-0.9,0.0891310397045446
-0.9,0.1716634864588986
-0.9,0.18253853019120767
-0.9,0.1633814702868411
-0.9,0.1809379174086757
-0.9,0.16991111017121963
-0.9,0.15483855484702552
-0.9,0.20992506684609372
-0.9,0.1476217057907528
-0.9,0.15436196433273566
-0.9,0.0919251145070185
-0.9,0.15861024342829783
-0.9,0.15919158268304381
-0.9,0.14401085159813268
-0.9,0.19425377712499597
-0.9,0.1342997480759123
-0.9,0.13897887446859225
-0.9,0.1801000614501406
-0.9,0.14313313732691765
-0.9,0.14584665378989306
-0.9,0.13264836737481275
-0.9,0.16217807220079464
-0.9,0.16421290810438208
-0.9,0.11347137830467828
-0.9,0.1729169156529512
-0.9,0.18584100257479544
-0.9,0.12227660476115
-0.9,0.14893523548992857
-0.9,0.2108559289773507
-0.9,0.12928555425618402
-0.9,0.15381244868769717
-0.9,0.10420580675027513
-0.9,0.18506946564721322
-0.9,0.10219742179251672
-0.9,0.16497555557307034
-0.9,0.14240979178753105
-0.9,0.11785064948107635
-0.9,0.138214971179224
-0.9,0.11271164037674197
-0.9,0.22228714004412953
-0.9,0.11617930241520975
-0.9,0.15728800030994314
-0.9,0.13063476792675602
-0.9,0.044910434530619776
-0.9,0.13526022189404985
-0.9,0.1644591192569975
-0.9,0.1376780346436264
-0.9,0.15794376222551765
-0.9,0.16891946656310633
-0.9,0.17899205494331466
-0.9,0.1186585360309533
-0.9,0.18412505515354233
-0.9,0.16646688845141153
-0.9,0.17706859652553716
-0.9,0.1864279971000962
-0.9,0.12149366522482266
-0.9,0.19287755126690753
-0.9,0.15587738224121592
-0.9,0.2016372764545221
-0.9,0.29821565927652594
-0.9,0.13959693432244236
-0.9,0.1660115707272541
-0.9,0.09410654511489003
-0.9,0.1863128064876604
-0.9,0.15694650826319748
-0.9,0.18336346338220127
-0.9,0.22066284417052454
-0.9,0.1798101928362676
-0.9,0.1554467282913827
-0.9,0.11831435144988876
-0.9,0.10323691327900761
-0.9,0.24432149732108427
-0.9,0.12366355981998593
-0.9,0.19722042516412203
-0.9,0.14035705633895126
-0.9,0.1729834692726005
-0.9,0.16941588156614099
-0.9,0.14149422304983397
-0.9,0.11806884204107765
-0.9,0.18272354108358335
-0.9,0.13098487948563012
-0.9,0.2739784283765647
-0.9,0.16637300164188876
-0.9,0.16297555212674325
-0.9,0.12148540454020974
-0.9,0.19135266365113102
-0.9,0.18256578947368413
-0.9,0.17383221782858543
-0.9,0.17266512653144145
-0.9,0.27670149336232125
-0.9,0.08570916268856735
-0.9,0.1810061821200084
-0.9,0.10179292125866443
-0.9,0.21299093794740412
-1.0,0.12389123431481186
-1.0,0.16695668003335687
-1.0,0.10950741287375275
-1.0,0.1422179362132745
-1.0,0.19009710920262643
-1.0,0.18957490496369986
-1.0,0.12716040635253031
-1.0,0.10032564205053461
-1.0,0.22284637371259247
-1.0,0.15772861378830447
-1.0,0.17579758878044777
-1.0,0.14589140804693645
-1.0,0.1353956788840498
-1.0,0.11098299000937338
-1.0,0.15023683449546996
-1.0,0.17206690875368474
-1.0,0.09306977673834735
-1.0,0.14513013847489462
-1.0,0.1765237125633016
-1.0,0.2125178301704408
-1.0,0.16503781717291807
-1.0,0.14211256024152
-1.0,0.1359796679405333
-1.0,0.12777187931028403
-1.0,0.14664073480422582
-1.0,0.17102072938135815
-1.0,0.18624156489224178
-1.0,0.14113331945964802
-1.0,0.1618765391494263
-1.0,0.12664427954691448
-1.0,0.14228985508334285
-1.0,0.14935901186453293
-1.0,0.1599992782551598
-1.0,0.17879452353825873
-1.0,0.12871401790223688
-1.0,0.15624968757079238
-1.0,0.15484649881549656
-1.0,0.14253846693730876
-1.0,0.23272251004338498
-1.0,0.21784299620288214
-1.0,0.13066469520616072
-1.0,0.21625474764484062
-1.0,0.1494091068873889
-1.0,0.2468111891040271
-1.0,0.16985824006238165
-1.0,0.18556674992009733
-1.0,0.11174136828015584
-1.0,0.22820064238794097
-1.0,0.17938643919926772
-1.0,0.16120116836097417
-1.0,0.11038970007519319
-1.0,0.1353786275726267
-1.0,0.11425140831721713
-1.0,0.23320329332347575
-1.0,0.26247940062604835
-1.0,0.1693780093140737
-1.0,0.14663334148195226
-1.0,0.14283340806768238
-1.0,0.16454819277023167
-1.0,0.1663285913331317
-1.0,0.12981676655202157
-1.0,0.2185313213394489
-1.0,0.17509709164072684
-1.0,0.18771314474886225
-1.0,0.12947389365867368
-1.0,0.13442695773237265
-1.0,0.165270367023973
-1.0,0.19607813200426222
-1.0,0.1789877740473257
-1.0,0.11782218636257306
-1.0,0.22095100887062194
-1.0,0.14260365891343166
-1.0,0.16147952587543227
-1.0,0.14837744183516632
-1.0,0.11257460670632048
-1.0,0.21572928849867
-1.0,0.1309864297270643
-1.0,0.10950331114209617
-1.0,0.1022538670478335
-1.0,0.13523488047954516
-1.0,0.14453555336109644
-1.0,0.16083773502198798
-1.0,0.16075735663038465
-1.0,0.1054148054058454
-1.0,0.13920351549378143
-1.0,0.14979086456680546
-1.0,0.22836614786603102
-1.0,0.19088626002970163
-1.0,0.1615928620117584
-1.0,0.14969445010537988
-1.0,0.10387413814374065
-1.0,0.17070611246997874
-1.0,0.1868269441877309
-1.0,0.11524682760557438
-1.0,0.06772447439590491
-1.0,0.18409639257560284
-1.0,0.12892035539203867
-1.0,0.08372746655481512
-1.0,0.12325854722970293
-1.0,0.08188491210478677
-0.2,0.19014382477216032
-0.2,0.16602554084717153
-0.2,0.1429083654655428
-0.2,0.10787496267222478
-0.2,0.14472919290484204
-0.2,0.17836237269591476
-0.2,0.1859703872755471
-0.2,0.12616048685822762
-0.2,0.1086216743975393
-0.2,0.20984137225060273
-0.2,0.1843648206457133
-0.2,0.1740139883851405
-0.2,0.17670434291435186
-0.2,0.15486010675078138
-0.2,0.15508037229998162
-0.2,0.15770670325677474
-0.2,0.09943062178512263
-0.2,0.16341596699224648
-0.2,0.13302348702293293
-0.2,0.14490133817537207
-0.2,0.11438423293105686
-0.2,0.11620988205284387
-0.2,0.17870692703526786
-0.2,0.13823590919811346
-0.2,0.17628186798881493
-0.2,0.1371354203482923
-0.2,0.12324787995765274
-0.2,0.0673563632071416
-0.2,0.15092494725049385
-0.2,0.15258390399619534
-0.2,0.08934821748827394
-0.2,0.07378578428474276
-0.2,0.08875478547778273
-0.2,0.16828649436097237
-0.2,0.142640933522651
-0.2,0.12900814063592864
-0.2,0.12703625306964073
-0.2,0.16343419641594645
-0.2,0.09089060052898486
-0.2,0.15605266688744637
-0.2,0.12840146404928626
-0.2,0.09859400167922734
-0.2,0.11739474055377595
-0.2,0.16205380535324176
-0.2,0.12218154704134368
-0.2,0.10606087403142023
-0.2,0.12567806813339205
-0.2,0.17437894700495118
-0.2,0.16210381542313076
-0.2,0.14858634304029641
-0.2,0.1212652645941021
-0.2,0.12041785723328095
-0.2,0.1113523254447037
-0.2,0.13578015064249735
-0.2,0.19968584417489876
-0.2,0.16034148638652698
-0.2,0.1763142082871373
-0.2,0.14573930363160742
-0.2,0.1399361302618325
-0.2,0.10381363741568388
-0.2,0.16122462705316082
-0.2,0.04159724770675299
-0.2,0.13613441197447634
-0.2,0.16142839677697657
-0.2,0.1177513874921071
-0.2,0.18882604940207137
-0.2,0.16370574679758876
-0.2,0.13813698135783653
-0.2,0.1528815707826938
-0.2,0.09450909718177405
-0.2,0.1423589271895808
-0.2,0.15722963107048435
-0.2,0.17830111741132773
-0.2,0.1352139403787485
-0.2,0.13002815208839033
-0.2,0.14247279687611758
-0.2,0.0940229421378374
-0.2,0.10763333312119545
-0.2,0.13692226461298135
-0.2,0.12569476439895064
-0.2,0.11305526257689413
-0.2,0.18996374155340828
-0.2,0.10636877864515511
-0.2,0.0666934581168291
-0.2,0.17265920594836434
-0.2,0.12198980904484572
-0.2,0.05103548039819658
-0.2,0.1672659094709615
-0.2,0.10913557665791111
-0.2,0.13152395827414473
-0.2,0.13685831243532262
-0.2,0.12975182505383287
-0.2,0.081786983454956
-0.2,0.18331461621821882
-0.2,0.050092315352008455
-0.2,0.15599216241231043
-0.2,0.06573153615299349
-0.2,0.18443914889026536
-0.2,0.14884533742100994
-0.2,0.13933267727875825
-0.5,0.24434803571160335
-0.5,0.1700802503705275
-0.5,0.21126644726944505
-0.5,0.18456284776235737
-0.5,0.1280976128890639
-0.5,0.16383121678484489
-0.5,0.17515783676790064
-0.5,0.12836175792473842
-0.5,0.13467468151878284
-0.5,0.1295958020873924
-0.5,0.09379582449553975
-0.5,0.16904326850506773
-0.5,0.20023198467219408
-0.5,0.2003319922207368
-0.5,0.09633916309683874
-0.5,0.14254997268199013
-0.5,0.14054583450051292
-0.5,0.07785683570033639
-0.5,0.16012753240823047
-0.5,0.11921051249392238
-0.5,0.1953218047519412
-0.5,0.14213589642658286
-0.5,0.13198063834777465
-0.5,0.1791700502335406
-0.5,0.0985461258678382
-0.5,0.1620324978627844
-0.5,0.09973252393703853
-0.5,0.12419158408205054
-0.5,0.1451206867652821
-0.5,0.1832102542593933
-0.5,0.1575990782121973
-0.5,0.1247488889904006
-0.5,0.16423440513280652
-0.5,0.11034915598270542
-0.5,0.16448403450746613
-0.5,0.251507842978208
-0.5,0.13683477979020972
-0.5,0.2308741084594171
-0.5,0.1676655361584861
-0.5,0.17633877788545305
-0.5,0.13023100169128846
-0.5,0.18192641769568127
-0.5,0.13292304391360385
-0.5,0.1893857189473625
-0.5,0.1335134996863254
-0.5,0.1366733855996136
-0.5,0.2255719417408748
-0.5,0.13395701112616065
-0.5,0.15854802438777071
-0.5,0.1631635646968129
-0.5,0.20204058674836145
-0.5,0.1037632666965571
-0.5,0.17353663741214864
-0.5,0.10396687307426944
-0.5,0.12370540695387716
-0.5,0.20462899765689788
-0.5,0.14042230427017
-0.5,0.16788275056066207
-0.5,0.20174578413273317
-0.5,0.10946710441426598
-0.5,0.13774562830893267
-0.5,0.11712061674690745
-0.5,0.19804963409224766
-0.5,0.16174020015318244
-0.5,0.12626934935460635
-0.5,0.13472710750326058
-0.5,0.20607151871178625
-0.5,0.17988685988499092
-0.5,0.14238796319780359
-0.5,0.1384784495073774
-0.5,0.1769543009072656
-0.5,0.08366190502779455
-0.5,0.1556921197724452
-0.5,0.16813498261433063
-0.5,0.15797527695926064
-0.5,0.25559017656853317
-0.5,0.1598877767305054
-0.5,0.13128166030560903
-0.5,0.13814047071311364
-0.5,0.12754400423491882
-0.5,0.11733329867488713
-0.5,0.10754301389148949
-0.5,0.09238213314753338
-0.5,0.13920988001545404
-0.5,0.25004628949374114
-0.5,0.1466860155153955
-0.5,0.16636924481649745
-0.5,0.14305051991233905
-0.5,0.1479827989292969
-0.5,0.1609476591259263
-0.5,0.1543534228017662
-0.5,0.15910480930825807
-0.5,0.07848010233396252
-0.5,0.14374764922961208
-0.5,0.10513853703480476
-0.5,0.17130600958472833
-0.5,0.174348631541433
-0.5,0.1459982364101347
-0.5,0.11394752732389402
-0.5,0.08874210074105085
0.9,0.018796177901587465
0.9,0.04263797698380516
0.9,0.007076100784937539
0.9,0.053219103037637015
0.9,0.04765906699746787
0.9,-0.07728188076616858
0.9,0.023651880034858762
0.9,0.03304723529187045
0.9,0.011367967313538879
0.9,-0.014616985293963379
0.9,0.016341762256869192
0.9,-0.037578801078862765
0.9,0.03195871894837522
0.9,0.005037484833369663
0.9,0.03037729500122039
0.9,-0.00995976798944225
0.9,0.013009706804094828
0.9,-0.022966451782794488
0.9,-0.003262971166708313
0.9,0.03573782323725626
0.9,0.033977459996033535
0.9,-3.802428421731298e-05
0.9,0.007488912561785744
0.9,0.03173932139680827
0.9,0.03599380756926231
0.9,-0.008766574579979227
0.9,0.04820067266000606
0.9,0.001972381127910569
0.9,-0.011123101580893675
0.9,0.024300910587085757
0.9,0.03794172294527845
0.9,0.02192489802920212
0.9,0.004220023804760664
0.9,0.023893871978542282
0.9,0.031150235733667115
0.9,-0.010171884053293275
0.9,0.040150870577952434
0.9,0.042602870635080954
0.9,-0.015262414180958467
0.9,0.054760932704407524
0.9,-0.004771096794899515
0.9,0.02191849900021603
0.9,-0.005929522405656394
0.9,-0.010780385681668952
0.9,0.062022466437483985
0.9,0.027197681232594938
0.9,0.031531860638252585
0.9,0.010647804130394066
0.9,0.006629302345609506
0.9,0.04125257852788735
0.9,-0.0007258571970731227
0.9,0.0059764839057246015
0.9,0.024212708328688284
0.9,0.020750783957089507
0.9,-0.007128143196085943
0.9,0.020237000903152714
0.9,-0.01201447757707405
0.9,0.044635433871141925
0.9,0.015436008351544371
0.9,0.007353999545070329
0.9,0.020510221266111236
0.9,0.05980158564714161
0.9,0.03158871453215924
0.9,0.03207727914425375
0.9,0.04181246406577631
0.9,0.015869963815760814
0.9,0.041956875006379526
0.9,-0.001677063232708524
0.9,0.013132854097928217
0.9,0.016376587442247896
0.9,0.029346616699528018
0.9,0.029844467835985315
0.9,0.03838909480425079
0.9,-0.033476560987883826
0.9,-0.006094241121283802
0.9,-0.0046828521853051665
0.9,0.0026957377254276022
0.9,0.012222707110800079
0.9,0.018417853833095785
0.9,-0.006547658544408547
0.9,0.020375598722881864
0.9,0.031488805687855434
0.9,-0.029223788039035876
0.9,-0.04226165371770033
0.9,0.03373692149927245
0.9,0.03289107419920504
0.9,0.03273481626465276
0.9,0.029690295745459214
0.9,0.020681774146637466
0.9,0.027634668819603997
0.9,0.02403180154744533
0.9,0.0007928470717187485
0.9,-0.046067787115549694
0.9,0.04737740561819795
0.9,0.040269654340767944
0.9,0.03834950890258978
0.9,-0.03064837400385701
0.9,0.032226377959819696
0.9,0.03087871533574189
0.9,0.03718468338108567
0.7,0.10287664909413895
0.7,0.012107309784518091
0.7,0.10155439730045737
0.7,0.05355023466725779
0.7,0.06796411513120919
0.7,0.053026610961386514
0.7,0.10285176006414547
0.7,0.06038853505229704
0.7,0.02786482606728669
0.7,-0.007318749259055848
0.7,0.025782031981624508
0.7,0.0125482244144461
0.7,0.04248526043636275
0.7,0.02366346846084366
0.7,0.04966228622359863
0.7,0.041150014831338975
0.7,0.01533407519126965
0.7,0.008089989520599873
0.7,0.07789832948243389
0.7,0.04356125377634112
0.7,0.04806491893488258
0.7,0.04556013236866242
0.7,0.029232502802473994
0.7,0.02499562729216218
0.7,0.0566580395678387
0.7,0.03323789559594372
0.7,0.05765596930834824
0.7,0.03824565141031895
0.7,0.029531030950238926
0.7,0.05451773899604723
0.7,0.001403597272273995
0.7,0.02383527341749152
0.7,0.0370728261438303
0.7,0.028972015669897277
0.7,0.0781405157246035
0.7,0.024232406582519708
0.7,0.035327897967485374
0.7,0.07146209372908023
0.7,0.025188495033649307
0.7,0.0750973767196591
0.7,0.04209239240625838
0.7,0.08792342752065943
0.7,0.03302865784312803
0.7,0.02243976873349468
0.7,0.021794210508338057
0.7,0.07974572941155757
0.7,0.004690295194915573
0.7,0.03162399219592887
0.7,0.05118594778931862
0.7,0.020042001801748182
0.7,0.09209534026229178
0.7,0.043853616952303026
0.7,0.07093990798098125
0.7,0.044769488737766545
0.7,0.03710399172447308
0.7,0.0690335411289026
0.7,0.03690142561844573
0.7,0.014456299010531732
0.7,0.029713454851919296
0.7,0.02512705567852046
0.7,0.10199275266348912
0.7,0.04705792859583767
0.7,0.08611604350840811
0.7,0.019515541829263988
0.7,0.028216630145896458
0.7,-0.010839457085342527
0.7,0.06363754698324199
0.7,0.06444241065432406
0.7,0.03919902128498952
0.7,0.03401005638822928
0.7,0.03314682920407456
0.7,0.03830114330702849
0.7,0.01921582485059035
0.7,0.06741969771939191
0.7,0.07534347128361886
0.7,0.038398874367657015
0.7,0.04440775631264128
0.7,0.03368303988086378
0.7,0.076680641930745
0.7,0.013016430814797277
0.7,0.02228824866721429
0.7,0.02930798965714699
0.7,0.040405321074669244
0.7,0.07582834972667034
0.7,0.09746379479583367
0.7,0.05309306997371582
0.7,0.04960607771898853
0.7,0.03766808198916068
0.7,0.04302726501936137
0.7,0.021512803432245854
0.7,0.016616104532993767
0.7,0.022832676253268052
0.7,0.04831619750207356
0.7,0.006257371752189942
0.7,0.05706356987037003
0.7,0.03540326010695484
0.7,0.022166825869422563
0.7,-0.002693666708337935
0.7,0.08308989151227712
0.7,0.06754944354584987
0.0,0.16900457960372767
0.0,0.1130703631486957
0.0,0.12281004152794184
0.0,0.14836941644595017
0.0,0.13852266898323948
0.0,0.10014935493277423
0.0,0.08722035788054211
0.0,0.17166389754324876
0.0,0.13871021819618448
0.0,0.12426192950615646
0.0,0.10806814983130021
0.0,0.08052130248774181
0.0,0.1326839500075095
0.0,0.09235466292002735
0.0,0.1514101688169529
0.0,0.11227402562486381
0.0,0.09206128957277182
0.0,0.12299753753490977
0.0,0.10710146312588865
0.0,0.10586384284680014
0.0,0.1876107310992572
0.0,0.11312819412267326
0.0,0.139614684164816
0.0,0.10880372244077748
0.0,0.15707576874317944
0.0,0.12227880042339052
0.0,0.13601512815918096
0.0,0.08263121572276359
0.0,0.15353047101526401
0.0,0.11824369564396495
0.0,0.06154666009570194
0.0,0.16402900810694349
0.0,0.08539120054673394
0.0,0.12045157951920923
0.0,0.0882176372262268
0.0,0.1151447226910939
0.0,0.03066960318846856
0.0,0.14353303114945914
0.0,0.1497209032271105
0.0,0.18632032728478012
0.0,0.15588606096117125
0.0,0.07471212166902151
0.0,0.19539160228474492
0.0,0.16917838705516394
0.0,0.1316683319624713
0.0,0.07935631122081573
0.0,0.1496128893511755
0.0,0.08986536084152626
0.0,0.10919746661208345
0.0,0.07256279372990962
0.0,0.14422051978567896
0.0,0.09225111689479373
0.0,0.13244815404898985
0.0,0.10409838613106857
0.0,0.1127971560259091
0.0,0.1336884004058216
0.0,0.15506551454470377
0.0,0.06786236731127243
0.0,0.15547216370972233
0.0,0.11387395580310619
0.0,0.12155951135347817
0.0,0.09595812682930718
0.0,0.1271056129235196
0.0,0.1467573762296328
0.0,0.09269024986682384
0.0,0.09237874177311807
0.0,0.08660364350511751
0.0,0.12652586977440583
0.0,0.06895693602267124
0.0,0.1548187704179709
0.0,0.14862675203503256
0.0,0.11843444636123673
0.0,0.1307023787345266
0.0,0.12559719002177744
0.0,0.12905788827345827
0.0,0.09199505961615097
0.0,0.084335538027325
0.0,0.11329134741192226
0.0,0.05672885845526429
0.0,0.08801292089949206
0.0,0.17437663088506608
0.0,0.1288322391652074
0.0,0.10696231954877063
0.0,0.09659003827829941
0.0,0.16850473365204371
0.0,0.10084230008648518
0.0,0.17133184207999969
0.0,0.13690583488546978
0.0,0.1240133178683895
0.0,0.12766490965828195
0.0,0.18139035389795524
0.0,0.1467440511956441
0.0,0.13794614143566766
0.0,0.12147588800530454
0.0,0.09140756078062341
0.0,0.07075778598464952
0.0,0.1065354236618451
0.0,0.0701273122676323
0.0,0.10878053723276153
0.0,0.14949816306515415
-0.4,0.1283953642943789
-0.4,0.10585567040429689
-0.4,0.12352011969016942
-0.4,0.10390573886000976
-0.4,0.1827291965050301
-0.4,0.09608974795880165
-0.4,0.1401965584177962
-0.4,0.1509455869869002
-0.4,0.12563223401985346
-0.4,0.17852416283752365
-0.4,0.16942874610120728
-0.4,0.15951216113349848
-0.4,0.1576286546212163
-0.4,0.15671995860737806
-0.4,0.16952182810922248
-0.4,0.20671354234466688
-0.4,0.15465738889636985
-0.4,0.1297612487952898
-0.4,0.11653990547914343
-0.4,0.17259411388572152
-0.4,0.11352638210402759
-0.4,0.17127090356424723
-0.4,0.11620288333970046
-0.4,0.15251610186327078
-0.4,0.15104082691803947
-0.4,0.1009340145928332
-0.4,0.14692792787505068
-0.4,0.1852623106125973
-0.4,0.1598290271466708
-0.4,0.17381139739523874
-0.4,0.1692839814337379
-0.4,0.15758447314477983
-0.4,0.11551113176659497
-0.4,0.11016425068474724
-0.4,0.1708985691329846
-0.4,0.0981842913550709
-0.4,0.1991357384176394
-0.4,0.16217595276253405
-0.4,0.13677991262016437
-0.4,0.14205660181656157
-0.4,0.1647926800196329
-0.4,0.08669596305567398
-0.4,0.12466635303724459
-0.4,0.14620160988563846
-0.4,0.20614788991725186
-0.4,0.211398546087661
-0.4,0.17353553961778143
-0.4,0.15876967332637495
-0.4,0.13619474477743282
-0.4,0.11397371119769528
-0.4,0.11368550197371122
-0.4,0.20422755795858827
-0.4,0.13254392423432332
-0.4,0.11144125410181747
-0.4,0.10527250190689043
-0.4,0.12342408535159015
-0.4,0.13102722212077328
-0.4,0.11279815628194438
-0.4,0.11393647546164577
-0.4,0.14707644156371832
-0.4,0.18143533524143302
-0.4,0.144932892382133
-0.4,0.12909193125833895
-0.4,0.16885721343916468
-0.4,0.15614234095315732
-0.4,0.17063689598565931
-0.4,0.12049916291438749
-0.4,0.12549635497861453
-0.4,0.11379959423713161
-0.4,0.08527324829866761
-0.4,0.1351632669001598
-0.4,0.12734383393423793
-0.4,0.1130588503662303
-0.4,0.1431854478215316
-0.4,0.20373891467644784
-0.4,0.11347074903966779
-0.4,0.15821864145720954
-0.4,0.11179048034867177
-0.4,0.14949047697168746
-0.4,0.19574394880086657
-0.4,0.13972126034480806
-0.4,0.1357225067106894
-0.4,0.10552512563813105
-0.4,0.09194886722411898
-0.4,0.1876681912742524
-0.4,0.1668214522910398
-0.4,0.17376536642250826
-0.4,0.12487483792205409
-0.4,0.12060174072099891
-0.4,0.12228150755651954
-0.4,0.15294604038507012
-0.4,0.15130977934196235
-0.4,0.14036393513271983
-0.4,0.12892141727378492
-0.4,0.13345933562331835
-0.4,0.1689929939884637
-0.4,0.15450343163511238
-0.4,0.12053730594887202
-0.4,0.16503235970596425
-0.4,0.16537725771816245
-0.3,0.13009159501641282
-0.3,0.09878166948502845
-0.3,0.12136766508575196
-0.3,0.111184258997069
-0.3,0.0777338435746557
-0.3,0.11586276523659858
-0.3,0.125187478801637
-0.3,0.10540222875790692
-0.3,0.15046119286541856
-0.3,0.1456250790227909
-0.3,0.14447165995855218
-0.3,0.15731813098758599
-0.3,0.11188191129483205
-0.3,0.12711432093850775
-0.3,0.16822945474836004
-0.3,0.10144441749493785
-0.3,0.12092362519869057
-0.3,0.11015897838590784
-0.3,0.18514934056372662
-0.3,0.13020347039215976
-0.3,0.09895755732084996
-0.3,0.17188116718587587
-0.3,0.15037815722768738
-0.3,0.07050254204605337
-0.3,0.16863650441535863
-0.3,0.16264909476545855
-0.3,0.10588441074267592
-0.3,0.1637436103136239
-0.3,0.11678573453094983
-0.3,0.1341946218455982
-0.3,0.15006811373923104
-0.3,0.11044278151956087
-0.3,0.13097227485747698
-0.3,0.18865007444837162
-0.3,0.08789722735096496
-0.3,0.15826706168284924
-0.3,0.1285530479877143
-0.3,0.09227156436907734
-0.3,0.14247873541959
-0.3,0.1324143965988535
-0.3,0.14244645125248992
-0.3,0.1190130839934985
-0.3,0.1524777118426529
-0.3,0.0902438665923266
-0.3,0.1309007748086927
-0.3,0.11616788772762542
-0.3,0.18374640472114853
-0.3,0.16857323171616773
-0.3,0.13580059654836132
-0.3,0.1511438997737269
-0.3,0.09611633055603885
-0.3,0.14434290746341435
-0.3,0.12395181359522113
-0.3,0.17161389275637157
-0.3,0.17606878802071313
-0.3,0.14080356399481259
-0.3,0.1068828924618997
-0.3,0.12694903343695002
-0.3,0.11406706644418324
-0.3,0.11206830563527125
-0.3,0.12037673881558243
-0.3,0.1168863425472657
-0.3,0.06700440096887245
-0.3,0.15845407138817685
-0.3,0.14540198045283495
-0.3,0.11233990080900816
-0.3,0.08452075846597695
-0.3,0.1759918214599894
-0.3,0.146500545140867
-0.3,0.06288838738708302
-0.3,0.16685872317184378
-0.3,0.12641782380796712
-0.3,0.13250833366385528
-0.3,0.16548271228237046
-0.3,0.1322448731264477
-0.3,0.1583627318105118
-0.3,0.25274576343908345
-0.3,0.17444902243441668
-0.3,0.15556778915537384
-0.3,0.08209539817143692
-0.3,0.20278227625749015
-0.3,0.10816339835423906
-0.3,0.1900268964663876
-0.3,0.10361641012681935
-0.3,0.05139086413833143
-0.3,0.15663233977259036
-0.3,0.15469564716046338
-0.3,0.11791249702868778
-0.3,0.1201670745344513
-0.3,0.15933315115843327
-0.3,0.07519523177710749
-0.3,0.18346453387200454
-0.3,0.12472161713526281
-0.3,0.12222651295741684
-0.3,0.09710299662673907
-0.3,0.13679278483096755
-0.3,0.16414682854707727
-0.3,0.1516651037186457
-0.3,0.08805724189666192
-0.3,0.17839081369707022
0.1,0.10589759053356351
0.1,0.06798238688443181
0.1,0.11024160306474451
0.1,0.045269879832798815
0.1,0.17263737535133508
0.1,0.18619809534094853
0.1,0.12305868038489036
0.1,0.1030248823789653
0.1,0.12408155566815644
0.1,0.05908408233744319
0.1,0.08608609583573144
0.1,0.08918074114834243
0.1,0.1061025626339426
0.1,0.13124796533452482
0.1,0.07615571280256726
0.1,0.055719344004754916
0.1,0.04311959544996656
0.1,0.04760979729843577
0.1,0.13116158856864313
0.1,0.09531755825108118
0.1,0.09367556227101867
0.1,0.09440741723347999
0.1,0.18858354456516796
0.1,0.10077061064911429
0.1,0.10700609168870973
0.1,0.0788757244953945
0.1,0.1600008207575538
0.1,0.12237074950810024
0.1,0.12912039442578027
0.1,0.1024805152615957
0.1,0.09815276299179987
0.1,0.06266775420560856
0.1,0.08983791549399718
0.1,0.13669282539655012
0.1,0.13737003465890524
0.1,0.13297493398924515
0.1,0.09682766529303972
0.1,0.14875476771671076
0.1,0.06276948737512633
0.1,0.12731733245658855
0.1,0.13522879477455513
0.1,0.049684283697792535
0.1,0.10435222729571049
0.1,0.09000679808404798
0.1,0.15543291456326452
0.1,0.06571609569664615
0.1,0.07310829517276211
0.1,0.1580287228187159
0.1,0.14325611217441325
0.1,0.10388398819147247
0.1,0.1523757771583137
0.1,0.14259810196862782
0.1,0.14921511288072273
0.1,0.0854646788768035
0.1,0.14170666393174614
0.1,0.10140420498047263
0.1,0.15791103596459335
0.1,0.05344709807988262
0.1,0.10706128467844599
0.1,0.15862205429609208
0.1,0.13721568486761848
0.1,0.13076111343538854
0.1,0.13329565829485895
0.1,0.11370111516257686
0.1,0.1879342683786413
0.1,0.05203125014133255
0.1,0.13547712936771764
0.1,0.028876080364928162
0.1,0.08592515638045344
0.1,0.09603260164861518
0.1,0.10302463865355624
0.1,0.15639490544024967
0.1,0.12525876251051116
0.1,0.16323280805204404
0.1,0.13557770833963137
0.1,0.10933263434575534
0.1,0.14287786468658548
0.1,0.12157297584606945
0.1,0.1161716623186613
0.1,0.14216178776455632
0.1,0.0944015128517689
0.1,0.09336310211741354
0.1,0.14978041142287446
0.1,0.10444489291874885
0.1,0.18011391382414582
0.1,0.04516200784313271
0.1,0.182475225260743
0.1,0.10868176015076315
0.1,0.15966814171478663
0.1,0.10445343299501973
0.1,0.11714192815154549
0.1,0.1616492127026601
0.1,0.1732726124301837
0.1,0.1115800037243146
0.1,0.09882693748057467
0.1,0.09902949126283696
0.1,0.08661387187501768
0.1,0.08698151306425582
0.1,0.10368295296126767
0.1,0.07278633688322843
0.6,0.061208195351435526
0.6,0.08496269665396253
0.6,0.04481822604389097
0.6,0.05231266528181714
0.6,0.06483262789510241
0.6,0.016561629943264464
0.6,0.05914619436766927
0.6,-0.00013206384944263244
0.6,0.09163726553706855
0.6,0.07676310271877859
0.6,0.034493148375434636
0.6,0.08129188495103845
0.6,0.028800163568187077
0.6,0.06567648158261476
0.6,0.0624326813510633
0.6,0.05423190754160597
0.6,0.04733578801958249
0.6,0.09565983281413606
0.6,0.027716101673568118
0.6,0.08347436770494783
0.6,0.09173103411613821
0.6,0.051822606532129466
0.6,0.04521077392676838
0.6,0.04571526540379852
0.6,0.0833553473104561
0.6,0.057579120830728844
0.6,0.07920277686762257
0.6,0.03615470898136053
0.6,0.0390697055468017
0.6,0.058216874145167914
0.6,0.031876326054970455
0.6,0.08377877788485412
0.6,0.06541574880180578
0.6,0.047141026970209554
0.6,0.049815094301380196
0.6,0.05628976933006952
0.6,0.11000605725098869
0.6,0.08700597921991773
0.6,-0.03410114140429141
0.6,0.060448874149824666
0.6,0.06981451450649108
0.6,0.04903154922135803
0.6,0.1087438852135177
0.6,0.06763021730999513
0.6,0.03483393832901081
0.6,0.049763191624982425
0.6,0.05537090099699955
0.6,0.08026017753223508
0.6,0.013380412590294391
0.6,0.06747751125333058
0.6,0.03513904958848883
0.6,0.027909664477025073
0.6,0.06112860380566925
0.6,0.06896571343303537
0.6,0.07624058492540368
0.6,0.05158661498902225
0.6,0.04337412882842033
0.6,0.038738721144238784
0.6,0.11161142454637119
0.6,0.07472453702905286
0.6,0.08749765465729728
0.6,0.05944326785994284
0.6,0.08258575166300709
0.6,0.07618818049719205
0.6,0.11960176734784851
0.6,0.05215709978279124
0.6,0.04783525631002095
0.6,0.024932281256693438
0.6,0.056268296297828826
0.6,0.04822977664041657
0.6,0.08284851455412147
0.6,0.03130546211313556
0.6,-0.007500951852098967
0.6,0.06506702769432571
0.6,0.05738462422151597
0.6,0.1108332448729664
0.6,0.1219424396963551
0.6,0.04869965387573668
0.6,0.05558178923058907
0.6,0.07101179020765501
0.6,0.1156871818604694
0.6,0.05101929089234818
0.6,0.0836729388277111
0.6,0.04865896648680632
0.6,0.02635078470871115
0.6,0.06353372145359194
0.6,0.028583764764614373
0.6,0.04013834067433274
0.6,0.06690116208297366
0.6,0.019961147725858015
0.6,0.01364153602794332
0.6,0.04179719599577699
0.6,0.04270562927167738
0.6,0.07089011718928553
0.6,0.07383112753708308
0.6,0.04454492559681991
0.6,0.07562263639921497
0.6,0.05797239663325088
0.6,0.07089578933096546
0.6,0.008709979928696328
0.8,0.03852876457480326
0.8,0.029090342614586352
0.8,0.008591690872705783
0.8,0.027790739644487885
0.8,-0.023833025191126678
0.8,0.07469418666702604
0.8,0.015246442929410306
0.8,-0.004099760122969586
0.8,0.03729491227789042
0.8,0.011399999346764032
0.8,0.042773692931707824
0.8,0.06405981305098575
0.8,0.0038532788201497557
0.8,0.011977466632341659
0.8,0.03273471423470375
0.8,0.03488753277525053
0.8,0.027356048205542393
0.8,0.0021907201917458112
0.8,-0.00440484262373753
0.8,0.03924872667577372
0.8,0.027150455838300634
0.8,0.03084192260571561
0.8,0.07704942659303352
0.8,0.03643182779770205
0.8,0.021618282474663172
0.8,0.057242738965141496
0.8,0.05593391234984057
0.8,0.030432750145885586
0.8,0.0016793975935680996
0.8,0.023304171609257913
0.8,0.036744171007595056
0.8,0.024111087151243382
0.8,0.060195075916739685
0.8,0.02455860713963188
0.8,0.0402742412354544
0.8,0.02459866251235346
0.8,0.04729528103318608
0.8,-0.05025447398576114
0.8,0.024979014535308982
0.8,0.025267960702932548
0.8,0.01532613017588196
0.8,0.017610548091165856
0.8,0.06256644299492509
0.8,0.05988264644901514
0.8,0.008594159626864674
0.8,0.03568533730333364
0.8,0.09065175880576715
0.8,0.015831752738401206
0.8,0.021429303849689097
0.8,0.04542182227221593
0.8,0.038572631944759746
0.8,0.06512406411026576
0.8,0.01844433061496055
0.8,0.04037113995055825
0.8,0.03968841861651939
0.8,0.03300009843672306
0.8,0.027842671537882648
0.8,-0.013996106235985514
0.8,0.09652458012929867
0.8,-0.010171644810887217
0.8,0.024113742603921386
0.8,0.02701723485905054
0.8,0.03326781876205371
0.8,0.03778609266210116
0.8,0.03067539519748008
0.8,0.018403501578115416
0.8,-0.007582472398339974
0.8,0.049588585434173604
0.8,0.06755933626470287
0.8,0.005076307198927614
0.8,0.05368888981581453
0.8,0.02339532433921252
0.8,0.02960303240277821
0.8,0.07519888334771675
0.8,0.06529586467334812
0.8,-0.029602243210250796
0.8,0.07891486579246568
0.8,0.044449114940815035
0.8,0.00046515108939424935
0.8,0.015048605444918955
0.8,0.016609046689921976
0.8,0.07171425040874253
0.8,0.020808564064266018
0.8,-0.011925665592632655
0.8,0.027317557943939842
0.8,-0.017176329147134954
0.8,0.01755495848920406
0.8,0.03923432696390343
0.8,-0.02979704696861706
0.8,0.0034080149392188533
0.8,0.028880330256342793
0.8,0.026728576385903348
0.8,0.0058790437194103625
0.8,0.021222438322464076
0.8,0.07090940470918472
0.8,0.04010736864303831
0.8,0.06775411310122423
0.8,0.0024819823837174066
0.8,0.028272754550658155
0.8,0.044785871605498205
